interval_start,arrivals,avg_aht,avg_acw,fcr_pct,mix_json,aht_eff
2025-11-10 09:00:00-06:00,21,247.61904761904762,60.857142857142854,66.66666666666666,"{""channel"": {""email"": 0.5, ""chat"": 0.3, ""phone"": 0.2}, ""issue_type"": {""login"": 0.45, ""billing"": 0.3, ""bug"": 0.25}}",308.4761904761905
2025-11-10 09:30:00-06:00,31,250.29032258064515,57.096774193548384,77.41935483870968,"{""channel"": {""email"": 0.5, ""chat"": 0.3, ""phone"": 0.2}, ""issue_type"": {""login"": 0.45, ""billing"": 0.3, ""bug"": 0.25}}",307.38709677419354
2025-11-10 10:00:00-06:00,29,246.3448275862069,60.96551724137931,72.41379310344827,"{""channel"": {""email"": 0.5, ""chat"": 0.3, ""phone"": 0.2}, ""issue_type"": {""login"": 0.45, ""billing"": 0.3, ""bug"": 0.25}}",307.3103448275862
2025-11-10 10:30:00-06:00,43,231.69767441860466,61.348837209302324,76.74418604651163,"{""channel"": {""email"": 0.5, ""chat"": 0.3, ""phone"": 0.2}, ""issue_type"": {""login"": 0.45, ""billing"": 0.3, ""bug"": 0.25}}",293.04651162790697
2025-11-10 11:00:00-06:00,53,246.58490566037736,61.15094339622642,75.47169811320755,"{""channel"": {""email"": 0.5, ""chat"": 0.3, ""phone"": 0.2}, ""issue_type"": {""login"": 0.45, ""billing"": 0.3, ""bug"": 0.25}}",307.7358490566038
2025-11-10 11:30:00-06:00,30,248.93333333333334,66.5,86.66666666666667,"{""channel"": {""email"": 0.5, ""chat"": 0.3, ""phone"": 0.2}, ""issue_type"": {""login"": 0.45, ""billing"": 0.3, ""bug"": 0.25}}",315.43333333333334
2025-11-10 12:00:00-06:00,24,233.70833333333334,56.0,70.83333333333334,"{""channel"": {""email"": 0.5, ""chat"": 0.3, ""phone"": 0.2}, ""issue_type"": {""login"": 0.45, ""billing"": 0.3, ""bug"": 0.25}}",289.70833333333337
2025-11-10 12:30:00-06:00,22,251.13636363636363,58.5,59.09090909090909,"{""channel"": {""email"": 0.5, ""chat"": 0.3, ""phone"": 0.2}, ""issue_type"": {""login"": 0.45, ""billing"": 0.3, ""bug"": 0.25}}",309.6363636363636
2025-11-10 13:00:00-06:00,24,250.79166666666666,57.166666666666664,83.33333333333334,"{""channel"": {""email"": 0.5, ""chat"": 0.3, ""phone"": 0.2}, ""issue_type"": {""login"": 0.45, ""billing"": 0.3, ""bug"": 0.25}}",307.9583333333333
2025-11-10 13:30:00-06:00,32,251.3125,61.6875,75.0,"{""channel"": {""email"": 0.5, ""chat"": 0.3, ""phone"": 0.2}, ""issue_type"": {""login"": 0.45, ""billing"": 0.3, ""bug"": 0.25}}",313.0
2025-11-10 14:00:00-06:00,45,225.73333333333332,56.577777777777776,80.0,"{""channel"": {""email"": 0.5, ""chat"": 0.3, ""phone"": 0.2}, ""issue_type"": {""login"": 0.45, ""billing"": 0.3, ""bug"": 0.25}}",282.3111111111111
2025-11-10 14:30:00-06:00,30,240.43333333333334,55.333333333333336,73.33333333333333,"{""channel"": {""email"": 0.5, ""chat"": 0.3, ""phone"": 0.2}, ""issue_type"": {""login"": 0.45, ""billing"": 0.3, ""bug"": 0.25}}",295.76666666666665
2025-11-10 15:00:00-06:00,33,217.3939393939394,58.27272727272727,78.78787878787878,"{""channel"": {""email"": 0.5, ""chat"": 0.3, ""phone"": 0.2}, ""issue_type"": {""login"": 0.45, ""billing"": 0.3, ""bug"": 0.25}}",275.6666666666667
2025-11-10 15:30:00-06:00,29,247.86206896551724,58.06896551724138,62.06896551724138,"{""channel"": {""email"": 0.5, ""chat"": 0.3, ""phone"": 0.2}, ""issue_type"": {""login"": 0.45, ""billing"": 0.3, ""bug"": 0.25}}",305.9310344827586
2025-11-10 16:00:00-06:00,20,240.15,58.85,65.0,"{""channel"": {""email"": 0.5, ""chat"": 0.3, ""phone"": 0.2}, ""issue_type"": {""login"": 0.45, ""billing"": 0.3, ""bug"": 0.25}}",299.0
2025-11-10 16:30:00-06:00,21,242.0,61.04761904761905,76.19047619047619,"{""channel"": {""email"": 0.5, ""chat"": 0.3, ""phone"": 0.2}, ""issue_type"": {""login"": 0.45, ""billing"": 0.3, ""bug"": 0.25}}",303.04761904761904
2025-11-11 09:00:00-06:00,17,238.47058823529412,67.76470588235294,82.35294117647058,"{""channel"": {""email"": 0.5, ""chat"": 0.3, ""phone"": 0.2}, ""issue_type"": {""login"": 0.45, ""billing"": 0.3, ""bug"": 0.25}}",306.2352941176471
2025-11-11 09:30:00-06:00,24,232.83333333333334,66.125,95.83333333333334,"{""channel"": {""email"": 0.5, ""chat"": 0.3, ""phone"": 0.2}, ""issue_type"": {""login"": 0.45, ""billing"": 0.3, ""bug"": 0.25}}",298.95833333333337
2025-11-11 10:00:00-06:00,34,243.5,62.529411764705884,64.70588235294117,"{""channel"": {""email"": 0.5, ""chat"": 0.3, ""phone"": 0.2}, ""issue_type"": {""login"": 0.45, ""billing"": 0.3, ""bug"": 0.25}}",306.02941176470586
2025-11-11 10:30:00-06:00,43,243.06976744186048,63.883720930232556,65.11627906976744,"{""channel"": {""email"": 0.5, ""chat"": 0.3, ""phone"": 0.2}, ""issue_type"": {""login"": 0.45, ""billing"": 0.3, ""bug"": 0.25}}",306.95348837209303
2025-11-11 11:00:00-06:00,49,242.51020408163265,57.265306122448976,77.55102040816327,"{""channel"": {""email"": 0.5, ""chat"": 0.3, ""phone"": 0.2}, ""issue_type"": {""login"": 0.45, ""billing"": 0.3, ""bug"": 0.25}}",299.7755102040816
2025-11-11 11:30:00-06:00,28,260.82142857142856,57.785714285714285,85.71428571428571,"{""channel"": {""email"": 0.5, ""chat"": 0.3, ""phone"": 0.2}, ""issue_type"": {""login"": 0.45, ""billing"": 0.3, ""bug"": 0.25}}",318.60714285714283
2025-11-11 12:00:00-06:00,16,263.0625,60.375,75.0,"{""channel"": {""email"": 0.5, ""chat"": 0.3, ""phone"": 0.2}, ""issue_type"": {""login"": 0.45, ""billing"": 0.3, ""bug"": 0.25}}",323.4375
2025-11-11 12:30:00-06:00,22,208.5,57.95454545454545,77.27272727272727,"{""channel"": {""email"": 0.5, ""chat"": 0.3, ""phone"": 0.2}, ""issue_type"": {""login"": 0.45, ""billing"": 0.3, ""bug"": 0.25}}",266.45454545454544
2025-11-11 13:00:00-06:00,29,245.48275862068965,57.55172413793103,89.65517241379311,"{""channel"": {""email"": 0.5, ""chat"": 0.3, ""phone"": 0.2}, ""issue_type"": {""login"": 0.45, ""billing"": 0.3, ""bug"": 0.25}}",303.0344827586207
2025-11-11 13:30:00-06:00,34,251.58823529411765,59.6764705882353,76.47058823529412,"{""channel"": {""email"": 0.5, ""chat"": 0.3, ""phone"": 0.2}, ""issue_type"": {""login"": 0.45, ""billing"": 0.3, ""bug"": 0.25}}",311.2647058823529
2025-11-11 14:00:00-06:00,39,242.69230769230768,64.64102564102564,82.05128205128204,"{""channel"": {""email"": 0.5, ""chat"": 0.3, ""phone"": 0.2}, ""issue_type"": {""login"": 0.45, ""billing"": 0.3, ""bug"": 0.25}}",307.3333333333333
2025-11-11 14:30:00-06:00,43,242.93023255813952,61.674418604651166,72.09302325581395,"{""channel"": {""email"": 0.5, ""chat"": 0.3, ""phone"": 0.2}, ""issue_type"": {""login"": 0.45, ""billing"": 0.3, ""bug"": 0.25}}",304.6046511627907
2025-11-11 15:00:00-06:00,37,234.32432432432432,58.86486486486486,83.78378378378379,"{""channel"": {""email"": 0.5, ""chat"": 0.3, ""phone"": 0.2}, ""issue_type"": {""login"": 0.45, ""billing"": 0.3, ""bug"": 0.25}}",293.18918918918916
2025-11-11 15:30:00-06:00,33,216.12121212121212,56.666666666666664,63.63636363636363,"{""channel"": {""email"": 0.5, ""chat"": 0.3, ""phone"": 0.2}, ""issue_type"": {""login"": 0.45, ""billing"": 0.3, ""bug"": 0.25}}",272.7878787878788
2025-11-11 16:00:00-06:00,21,232.85714285714286,56.19047619047619,61.904761904761905,"{""channel"": {""email"": 0.5, ""chat"": 0.3, ""phone"": 0.2}, ""issue_type"": {""login"": 0.45, ""billing"": 0.3, ""bug"": 0.25}}",289.04761904761904
2025-11-11 16:30:00-06:00,24,248.5,61.958333333333336,75.0,"{""channel"": {""email"": 0.5, ""chat"": 0.3, ""phone"": 0.2}, ""issue_type"": {""login"": 0.45, ""billing"": 0.3, ""bug"": 0.25}}",310.4583333333333
2025-11-12 09:00:00-06:00,21,233.0952380952381,60.857142857142854,85.71428571428571,"{""channel"": {""email"": 0.5, ""chat"": 0.3, ""phone"": 0.2}, ""issue_type"": {""login"": 0.45, ""billing"": 0.3, ""bug"": 0.25}}",293.95238095238096
2025-11-12 09:30:00-06:00,25,255.72,57.92,68.0,"{""channel"": {""email"": 0.5, ""chat"": 0.3, ""phone"": 0.2}, ""issue_type"": {""login"": 0.45, ""billing"": 0.3, ""bug"": 0.25}}",313.64
2025-11-12 10:00:00-06:00,42,243.57142857142858,63.26190476190476,85.71428571428571,"{""channel"": {""email"": 0.5, ""chat"": 0.3, ""phone"": 0.2}, ""issue_type"": {""login"": 0.45, ""billing"": 0.3, ""bug"": 0.25}}",306.83333333333337
2025-11-12 10:30:00-06:00,52,235.30769230769232,58.86538461538461,80.76923076923077,"{""channel"": {""email"": 0.5, ""chat"": 0.3, ""phone"": 0.2}, ""issue_type"": {""login"": 0.45, ""billing"": 0.3, ""bug"": 0.25}}",294.1730769230769
2025-11-12 11:00:00-06:00,38,249.18421052631578,51.1578947368421,84.21052631578947,"{""channel"": {""email"": 0.5, ""chat"": 0.3, ""phone"": 0.2}, ""issue_type"": {""login"": 0.45, ""billing"": 0.3, ""bug"": 0.25}}",300.34210526315786
2025-11-12 11:30:00-06:00,43,245.0,60.93023255813954,69.76744186046511,"{""channel"": {""email"": 0.5, ""chat"": 0.3, ""phone"": 0.2}, ""issue_type"": {""login"": 0.45, ""billing"": 0.3, ""bug"": 0.25}}",305.93023255813955
2025-11-12 12:00:00-06:00,33,233.21212121212122,60.696969696969695,75.75757575757575,"{""channel"": {""email"": 0.5, ""chat"": 0.3, ""phone"": 0.2}, ""issue_type"": {""login"": 0.45, ""billing"": 0.3, ""bug"": 0.25}}",293.90909090909093
2025-11-12 12:30:00-06:00,24,218.875,65.70833333333333,91.66666666666666,"{""channel"": {""email"": 0.5, ""chat"": 0.3, ""phone"": 0.2}, ""issue_type"": {""login"": 0.45, ""billing"": 0.3, ""bug"": 0.25}}",284.5833333333333
2025-11-12 13:00:00-06:00,21,221.85714285714286,54.523809523809526,52.38095238095239,"{""channel"": {""email"": 0.5, ""chat"": 0.3, ""phone"": 0.2}, ""issue_type"": {""login"": 0.45, ""billing"": 0.3, ""bug"": 0.25}}",276.3809523809524
2025-11-12 13:30:00-06:00,48,253.875,58.458333333333336,81.25,"{""channel"": {""email"": 0.5, ""chat"": 0.3, ""phone"": 0.2}, ""issue_type"": {""login"": 0.45, ""billing"": 0.3, ""bug"": 0.25}}",312.3333333333333
2025-11-12 14:00:00-06:00,45,238.04444444444445,66.8,80.0,"{""channel"": {""email"": 0.5, ""chat"": 0.3, ""phone"": 0.2}, ""issue_type"": {""login"": 0.45, ""billing"": 0.3, ""bug"": 0.25}}",304.84444444444443
2025-11-12 14:30:00-06:00,32,221.375,63.3125,65.625,"{""channel"": {""email"": 0.5, ""chat"": 0.3, ""phone"": 0.2}, ""issue_type"": {""login"": 0.45, ""billing"": 0.3, ""bug"": 0.25}}",284.6875
2025-11-12 15:00:00-06:00,29,251.9655172413793,70.0,65.51724137931035,"{""channel"": {""email"": 0.5, ""chat"": 0.3, ""phone"": 0.2}, ""issue_type"": {""login"": 0.45, ""billing"": 0.3, ""bug"": 0.25}}",321.9655172413793
2025-11-12 15:30:00-06:00,38,243.92105263157896,58.5,78.94736842105263,"{""channel"": {""email"": 0.5, ""chat"": 0.3, ""phone"": 0.2}, ""issue_type"": {""login"": 0.45, ""billing"": 0.3, ""bug"": 0.25}}",302.42105263157896
2025-11-12 16:00:00-06:00,28,220.46428571428572,60.67857142857143,71.42857142857143,"{""channel"": {""email"": 0.5, ""chat"": 0.3, ""phone"": 0.2}, ""issue_type"": {""login"": 0.45, ""billing"": 0.3, ""bug"": 0.25}}",281.14285714285717
2025-11-12 16:30:00-06:00,25,235.88,59.48,76.0,"{""channel"": {""email"": 0.5, ""chat"": 0.3, ""phone"": 0.2}, ""issue_type"": {""login"": 0.45, ""billing"": 0.3, ""bug"": 0.25}}",295.36
2025-11-13 09:00:00-06:00,20,241.1,58.65,75.0,"{""channel"": {""email"": 0.5, ""chat"": 0.3, ""phone"": 0.2}, ""issue_type"": {""login"": 0.45, ""billing"": 0.3, ""bug"": 0.25}}",299.75
2025-11-13 09:30:00-06:00,23,237.91304347826087,59.130434782608695,82.6086956521739,"{""channel"": {""email"": 0.5, ""chat"": 0.3, ""phone"": 0.2}, ""issue_type"": {""login"": 0.45, ""billing"": 0.3, ""bug"": 0.25}}",297.04347826086956
2025-11-13 10:00:00-06:00,36,257.6666666666667,57.861111111111114,69.44444444444444,"{""channel"": {""email"": 0.5, ""chat"": 0.3, ""phone"": 0.2}, ""issue_type"": {""login"": 0.45, ""billing"": 0.3, ""bug"": 0.25}}",315.5277777777778
2025-11-13 10:30:00-06:00,33,241.21212121212122,54.18181818181818,75.75757575757575,"{""channel"": {""email"": 0.5, ""chat"": 0.3, ""phone"": 0.2}, ""issue_type"": {""login"": 0.45, ""billing"": 0.3, ""bug"": 0.25}}",295.3939393939394
2025-11-13 11:00:00-06:00,60,242.95,59.11666666666667,86.66666666666667,"{""channel"": {""email"": 0.5, ""chat"": 0.3, ""phone"": 0.2}, ""issue_type"": {""login"": 0.45, ""billing"": 0.3, ""bug"": 0.25}}",302.06666666666666
2025-11-13 11:30:00-06:00,37,251.8108108108108,62.67567567567568,78.37837837837837,"{""channel"": {""email"": 0.5, ""chat"": 0.3, ""phone"": 0.2}, ""issue_type"": {""login"": 0.45, ""billing"": 0.3, ""bug"": 0.25}}",314.48648648648646
2025-11-13 12:00:00-06:00,26,245.19230769230768,60.80769230769231,80.76923076923077,"{""channel"": {""email"": 0.5, ""chat"": 0.3, ""phone"": 0.2}, ""issue_type"": {""login"": 0.45, ""billing"": 0.3, ""bug"": 0.25}}",306.0
2025-11-13 12:30:00-06:00,36,236.91666666666666,61.666666666666664,83.33333333333334,"{""channel"": {""email"": 0.5, ""chat"": 0.3, ""phone"": 0.2}, ""issue_type"": {""login"": 0.45, ""billing"": 0.3, ""bug"": 0.25}}",298.5833333333333
2025-11-13 13:00:00-06:00,23,229.7826086956522,64.30434782608695,78.26086956521739,"{""channel"": {""email"": 0.5, ""chat"": 0.3, ""phone"": 0.2}, ""issue_type"": {""login"": 0.45, ""billing"": 0.3, ""bug"": 0.25}}",294.0869565217391
2025-11-13 13:30:00-06:00,33,236.9090909090909,65.48484848484848,78.78787878787878,"{""channel"": {""email"": 0.5, ""chat"": 0.3, ""phone"": 0.2}, ""issue_type"": {""login"": 0.45, ""billing"": 0.3, ""bug"": 0.25}}",302.3939393939394
2025-11-13 14:00:00-06:00,49,242.40816326530611,61.775510204081634,71.42857142857143,"{""channel"": {""email"": 0.5, ""chat"": 0.3, ""phone"": 0.2}, ""issue_type"": {""login"": 0.45, ""billing"": 0.3, ""bug"": 0.25}}",304.18367346938777
2025-11-13 14:30:00-06:00,24,233.04166666666666,62.416666666666664,87.5,"{""channel"": {""email"": 0.5, ""chat"": 0.3, ""phone"": 0.2}, ""issue_type"": {""login"": 0.45, ""billing"": 0.3, ""bug"": 0.25}}",295.4583333333333
2025-11-13 15:00:00-06:00,42,220.78571428571428,57.04761904761905,66.66666666666666,"{""channel"": {""email"": 0.5, ""chat"": 0.3, ""phone"": 0.2}, ""issue_type"": {""login"": 0.45, ""billing"": 0.3, ""bug"": 0.25}}",277.8333333333333
2025-11-13 15:30:00-06:00,21,255.57142857142858,57.666666666666664,71.42857142857143,"{""channel"": {""email"": 0.5, ""chat"": 0.3, ""phone"": 0.2}, ""issue_type"": {""login"": 0.45, ""billing"": 0.3, ""bug"": 0.25}}",313.23809523809524
2025-11-13 16:00:00-06:00,26,239.15384615384616,61.23076923076923,76.92307692307693,"{""channel"": {""email"": 0.5, ""chat"": 0.3, ""phone"": 0.2}, ""issue_type"": {""login"": 0.45, ""billing"": 0.3, ""bug"": 0.25}}",300.3846153846154
2025-11-13 16:30:00-06:00,15,235.13333333333333,68.53333333333333,93.33333333333333,"{""channel"": {""email"": 0.5, ""chat"": 0.3, ""phone"": 0.2}, ""issue_type"": {""login"": 0.45, ""billing"": 0.3, ""bug"": 0.25}}",303.66666666666663
2025-11-14 09:00:00-06:00,20,244.1,64.05,85.0,"{""channel"": {""email"": 0.5, ""chat"": 0.3, ""phone"": 0.2}, ""issue_type"": {""login"": 0.45, ""billing"": 0.3, ""bug"": 0.25}}",308.15
2025-11-14 09:30:00-06:00,28,231.21428571428572,61.142857142857146,67.85714285714286,"{""channel"": {""email"": 0.5, ""chat"": 0.3, ""phone"": 0.2}, ""issue_type"": {""login"": 0.45, ""billing"": 0.3, ""bug"": 0.25}}",292.3571428571429
2025-11-14 10:00:00-06:00,32,261.96875,62.84375,75.0,"{""channel"": {""email"": 0.5, ""chat"": 0.3, ""phone"": 0.2}, ""issue_type"": {""login"": 0.45, ""billing"": 0.3, ""bug"": 0.25}}",324.8125
2025-11-14 10:30:00-06:00,43,232.97674418604652,54.74418604651163,90.69767441860465,"{""channel"": {""email"": 0.5, ""chat"": 0.3, ""phone"": 0.2}, ""issue_type"": {""login"": 0.45, ""billing"": 0.3, ""bug"": 0.25}}",287.72093023255815
2025-11-14 11:00:00-06:00,44,257.52272727272725,60.90909090909091,79.54545454545455,"{""channel"": {""email"": 0.5, ""chat"": 0.3, ""phone"": 0.2}, ""issue_type"": {""login"": 0.45, ""billing"": 0.3, ""bug"": 0.25}}",318.43181818181813
2025-11-14 11:30:00-06:00,37,249.16216216216216,56.945945945945944,86.48648648648648,"{""channel"": {""email"": 0.5, ""chat"": 0.3, ""phone"": 0.2}, ""issue_type"": {""login"": 0.45, ""billing"": 0.3, ""bug"": 0.25}}",306.1081081081081
2025-11-14 12:00:00-06:00,29,242.9655172413793,60.62068965517241,79.3103448275862,"{""channel"": {""email"": 0.5, ""chat"": 0.3, ""phone"": 0.2}, ""issue_type"": {""login"": 0.45, ""billing"": 0.3, ""bug"": 0.25}}",303.58620689655174
2025-11-14 12:30:00-06:00,31,241.48387096774192,60.25806451612903,80.64516129032258,"{""channel"": {""email"": 0.5, ""chat"": 0.3, ""phone"": 0.2}, ""issue_type"": {""login"": 0.45, ""billing"": 0.3, ""bug"": 0.25}}",301.741935483871
2025-11-14 13:00:00-06:00,19,238.89473684210526,53.8421052631579,89.47368421052632,"{""channel"": {""email"": 0.5, ""chat"": 0.3, ""phone"": 0.2}, ""issue_type"": {""login"": 0.45, ""billing"": 0.3, ""bug"": 0.25}}",292.7368421052632
2025-11-14 13:30:00-06:00,45,234.86666666666667,61.4,88.88888888888889,"{""channel"": {""email"": 0.5, ""chat"": 0.3, ""phone"": 0.2}, ""issue_type"": {""login"": 0.45, ""billing"": 0.3, ""bug"": 0.25}}",296.26666666666665
2025-11-14 14:00:00-06:00,39,243.23076923076923,59.56410256410256,79.48717948717949,"{""channel"": {""email"": 0.5, ""chat"": 0.3, ""phone"": 0.2}, ""issue_type"": {""login"": 0.45, ""billing"": 0.3, ""bug"": 0.25}}",302.79487179487177
2025-11-14 14:30:00-06:00,41,236.26829268292684,59.80487804878049,78.04878048780488,"{""channel"": {""email"": 0.5, ""chat"": 0.3, ""phone"": 0.2}, ""issue_type"": {""login"": 0.45, ""billing"": 0.3, ""bug"": 0.25}}",296.0731707317073
2025-11-14 15:00:00-06:00,31,242.16129032258064,62.25806451612903,58.06451612903226,"{""channel"": {""email"": 0.5, ""chat"": 0.3, ""phone"": 0.2}, ""issue_type"": {""login"": 0.45, ""billing"": 0.3, ""bug"": 0.25}}",304.4193548387097
2025-11-14 15:30:00-06:00,34,253.2058823529412,60.3235294117647,76.47058823529412,"{""channel"": {""email"": 0.5, ""chat"": 0.3, ""phone"": 0.2}, ""issue_type"": {""login"": 0.45, ""billing"": 0.3, ""bug"": 0.25}}",313.5294117647059
2025-11-14 16:00:00-06:00,19,221.94736842105263,61.473684210526315,89.47368421052632,"{""channel"": {""email"": 0.5, ""chat"": 0.3, ""phone"": 0.2}, ""issue_type"": {""login"": 0.45, ""billing"": 0.3, ""bug"": 0.25}}",283.42105263157896
2025-11-14 16:30:00-06:00,23,244.6086956521739,56.47826086956522,95.65217391304348,"{""channel"": {""email"": 0.5, ""chat"": 0.3, ""phone"": 0.2}, ""issue_type"": {""login"": 0.45, ""billing"": 0.3, ""bug"": 0.25}}",301.0869565217391
2025-11-15 09:00:00-06:00,5,234.8,56.2,80.0,"{""channel"": {""email"": 0.5, ""chat"": 0.3, ""phone"": 0.2}, ""issue_type"": {""login"": 0.45, ""billing"": 0.3, ""bug"": 0.25}}",291.0
2025-11-15 09:30:00-06:00,6,231.83333333333334,52.0,83.33333333333334,"{""channel"": {""email"": 0.5, ""chat"": 0.3, ""phone"": 0.2}, ""issue_type"": {""login"": 0.45, ""billing"": 0.3, ""bug"": 0.25}}",283.83333333333337
2025-11-15 10:00:00-06:00,15,227.13333333333333,62.733333333333334,86.66666666666667,"{""channel"": {""email"": 0.5, ""chat"": 0.3, ""phone"": 0.2}, ""issue_type"": {""login"": 0.45, ""billing"": 0.3, ""bug"": 0.25}}",289.8666666666667
2025-11-15 10:30:00-06:00,18,253.83333333333334,54.611111111111114,83.33333333333334,"{""channel"": {""email"": 0.5, ""chat"": 0.3, ""phone"": 0.2}, ""issue_type"": {""login"": 0.45, ""billing"": 0.3, ""bug"": 0.25}}",308.44444444444446
2025-11-15 11:00:00-06:00,21,224.71428571428572,56.04761904761905,76.19047619047619,"{""channel"": {""email"": 0.5, ""chat"": 0.3, ""phone"": 0.2}, ""issue_type"": {""login"": 0.45, ""billing"": 0.3, ""bug"": 0.25}}",280.76190476190476
2025-11-15 11:30:00-06:00,12,239.16666666666666,69.83333333333333,91.66666666666666,"{""channel"": {""email"": 0.5, ""chat"": 0.3, ""phone"": 0.2}, ""issue_type"": {""login"": 0.45, ""billing"": 0.3, ""bug"": 0.25}}",309.0
2025-11-15 12:00:00-06:00,12,250.58333333333334,56.416666666666664,66.66666666666666,"{""channel"": {""email"": 0.5, ""chat"": 0.3, ""phone"": 0.2}, ""issue_type"": {""login"": 0.45, ""billing"": 0.3, ""bug"": 0.25}}",307.0
2025-11-15 12:30:00-06:00,11,283.72727272727275,60.72727272727273,100.0,"{""channel"": {""email"": 0.5, ""chat"": 0.3, ""phone"": 0.2}, ""issue_type"": {""login"": 0.45, ""billing"": 0.3, ""bug"": 0.25}}",344.4545454545455
2025-11-15 13:00:00-06:00,7,240.42857142857142,59.142857142857146,71.42857142857143,"{""channel"": {""email"": 0.5, ""chat"": 0.3, ""phone"": 0.2}, ""issue_type"": {""login"": 0.45, ""billing"": 0.3, ""bug"": 0.25}}",299.57142857142856
2025-11-15 13:30:00-06:00,21,251.14285714285714,56.04761904761905,85.71428571428571,"{""channel"": {""email"": 0.5, ""chat"": 0.3, ""phone"": 0.2}, ""issue_type"": {""login"": 0.45, ""billing"": 0.3, ""bug"": 0.25}}",307.1904761904762
2025-11-15 14:00:00-06:00,15,243.73333333333332,57.333333333333336,66.66666666666666,"{""channel"": {""email"": 0.5, ""chat"": 0.3, ""phone"": 0.2}, ""issue_type"": {""login"": 0.45, ""billing"": 0.3, ""bug"": 0.25}}",301.06666666666666
2025-11-15 14:30:00-06:00,19,270.57894736842104,63.78947368421053,73.68421052631578,"{""channel"": {""email"": 0.5, ""chat"": 0.3, ""phone"": 0.2}, ""issue_type"": {""login"": 0.45, ""billing"": 0.3, ""bug"": 0.25}}",334.36842105263156
2025-11-15 15:00:00-06:00,9,254.88888888888889,58.77777777777778,55.55555555555556,"{""channel"": {""email"": 0.5, ""chat"": 0.3, ""phone"": 0.2}, ""issue_type"": {""login"": 0.45, ""billing"": 0.3, ""bug"": 0.25}}",313.6666666666667
2025-11-15 15:30:00-06:00,17,254.11764705882354,56.88235294117647,82.35294117647058,"{""channel"": {""email"": 0.5, ""chat"": 0.3, ""phone"": 0.2}, ""issue_type"": {""login"": 0.45, ""billing"": 0.3, ""bug"": 0.25}}",311.0
2025-11-15 16:00:00-06:00,11,241.45454545454547,61.63636363636363,81.81818181818183,"{""channel"": {""email"": 0.5, ""chat"": 0.3, ""phone"": 0.2}, ""issue_type"": {""login"": 0.45, ""billing"": 0.3, ""bug"": 0.25}}",303.0909090909091
2025-11-15 16:30:00-06:00,13,222.07692307692307,53.61538461538461,76.92307692307693,"{""channel"": {""email"": 0.5, ""chat"": 0.3, ""phone"": 0.2}, ""issue_type"": {""login"": 0.45, ""billing"": 0.3, ""bug"": 0.25}}",275.6923076923077
2025-11-16 09:00:00-06:00,5,235.6,58.4,80.0,"{""channel"": {""email"": 0.5, ""chat"": 0.3, ""phone"": 0.2}, ""issue_type"": {""login"": 0.45, ""billing"": 0.3, ""bug"": 0.25}}",294.0
2025-11-16 09:30:00-06:00,4,233.25,45.5,100.0,"{""channel"": {""email"": 0.5, ""chat"": 0.3, ""phone"": 0.2}, ""issue_type"": {""login"": 0.45, ""billing"": 0.3, ""bug"": 0.25}}",278.75
2025-11-16 10:00:00-06:00,11,215.45454545454547,56.36363636363637,90.9090909090909,"{""channel"": {""email"": 0.5, ""chat"": 0.3, ""phone"": 0.2}, ""issue_type"": {""login"": 0.45, ""billing"": 0.3, ""bug"": 0.25}}",271.8181818181818
2025-11-16 10:30:00-06:00,9,225.55555555555554,46.333333333333336,66.66666666666666,"{""channel"": {""email"": 0.5, ""chat"": 0.3, ""phone"": 0.2}, ""issue_type"": {""login"": 0.45, ""billing"": 0.3, ""bug"": 0.25}}",271.88888888888886
2025-11-16 11:00:00-06:00,7,254.42857142857142,53.857142857142854,85.71428571428571,"{""channel"": {""email"": 0.5, ""chat"": 0.3, ""phone"": 0.2}, ""issue_type"": {""login"": 0.45, ""billing"": 0.3, ""bug"": 0.25}}",308.2857142857143
2025-11-16 11:30:00-06:00,11,284.6363636363636,61.09090909090909,90.9090909090909,"{""channel"": {""email"": 0.5, ""chat"": 0.3, ""phone"": 0.2}, ""issue_type"": {""login"": 0.45, ""billing"": 0.3, ""bug"": 0.25}}",345.72727272727275
2025-11-16 12:00:00-06:00,9,234.11111111111111,60.0,77.77777777777779,"{""channel"": {""email"": 0.5, ""chat"": 0.3, ""phone"": 0.2}, ""issue_type"": {""login"": 0.45, ""billing"": 0.3, ""bug"": 0.25}}",294.1111111111111
2025-11-16 12:30:00-06:00,7,220.57142857142858,50.285714285714285,85.71428571428571,"{""channel"": {""email"": 0.5, ""chat"": 0.3, ""phone"": 0.2}, ""issue_type"": {""login"": 0.45, ""billing"": 0.3, ""bug"": 0.25}}",270.8571428571429
2025-11-16 13:00:00-06:00,10,266.7,65.3,90.0,"{""channel"": {""email"": 0.5, ""chat"": 0.3, ""phone"": 0.2}, ""issue_type"": {""login"": 0.45, ""billing"": 0.3, ""bug"": 0.25}}",332.0
2025-11-16 13:30:00-06:00,3,217.33333333333334,51.0,100.0,"{""channel"": {""email"": 0.5, ""chat"": 0.3, ""phone"": 0.2}, ""issue_type"": {""login"": 0.45, ""billing"": 0.3, ""bug"": 0.25}}",268.33333333333337
2025-11-16 14:00:00-06:00,18,247.38888888888889,53.44444444444444,94.44444444444444,"{""channel"": {""email"": 0.5, ""chat"": 0.3, ""phone"": 0.2}, ""issue_type"": {""login"": 0.45, ""billing"": 0.3, ""bug"": 0.25}}",300.8333333333333
2025-11-16 14:30:00-06:00,11,236.8181818181818,68.18181818181819,72.72727272727273,"{""channel"": {""email"": 0.5, ""chat"": 0.3, ""phone"": 0.2}, ""issue_type"": {""login"": 0.45, ""billing"": 0.3, ""bug"": 0.25}}",305.0
2025-11-16 15:00:00-06:00,8,240.875,77.75,87.5,"{""channel"": {""email"": 0.5, ""chat"": 0.3, ""phone"": 0.2}, ""issue_type"": {""login"": 0.45, ""billing"": 0.3, ""bug"": 0.25}}",318.625
2025-11-16 15:30:00-06:00,7,211.42857142857142,71.0,85.71428571428571,"{""channel"": {""email"": 0.5, ""chat"": 0.3, ""phone"": 0.2}, ""issue_type"": {""login"": 0.45, ""billing"": 0.3, ""bug"": 0.25}}",282.42857142857144
2025-11-16 16:00:00-06:00,12,250.75,58.833333333333336,83.33333333333334,"{""channel"": {""email"": 0.5, ""chat"": 0.3, ""phone"": 0.2}, ""issue_type"": {""login"": 0.45, ""billing"": 0.3, ""bug"": 0.25}}",309.5833333333333
2025-11-16 16:30:00-06:00,1,256.0,38.0,100.0,"{""channel"": {""email"": 0.5, ""chat"": 0.3, ""phone"": 0.2}, ""issue_type"": {""login"": 0.45, ""billing"": 0.3, ""bug"": 0.25}}",294.0
2025-11-17 09:00:00-06:00,15,196.2,50.8,86.66666666666667,"{""channel"": {""email"": 0.5, ""chat"": 0.3, ""phone"": 0.2}, ""issue_type"": {""login"": 0.45, ""billing"": 0.3, ""bug"": 0.25}}",247.0
2025-11-17 09:30:00-06:00,18,255.38888888888889,67.22222222222223,50.0,"{""channel"": {""email"": 0.5, ""chat"": 0.3, ""phone"": 0.2}, ""issue_type"": {""login"": 0.45, ""billing"": 0.3, ""bug"": 0.25}}",322.6111111111111
2025-11-17 10:00:00-06:00,43,241.7906976744186,64.72093023255815,81.3953488372093,"{""channel"": {""email"": 0.5, ""chat"": 0.3, ""phone"": 0.2}, ""issue_type"": {""login"": 0.45, ""billing"": 0.3, ""bug"": 0.25}}",306.51162790697674
2025-11-17 10:30:00-06:00,47,240.72340425531914,57.659574468085104,89.36170212765957,"{""channel"": {""email"": 0.5, ""chat"": 0.3, ""phone"": 0.2}, ""issue_type"": {""login"": 0.45, ""billing"": 0.3, ""bug"": 0.25}}",298.3829787234042
2025-11-17 11:00:00-06:00,36,244.08333333333334,60.19444444444444,66.66666666666666,"{""channel"": {""email"": 0.5, ""chat"": 0.3, ""phone"": 0.2}, ""issue_type"": {""login"": 0.45, ""billing"": 0.3, ""bug"": 0.25}}",304.27777777777777
2025-11-17 11:30:00-06:00,39,223.82051282051282,65.61538461538461,79.48717948717949,"{""channel"": {""email"": 0.5, ""chat"": 0.3, ""phone"": 0.2}, ""issue_type"": {""login"": 0.45, ""billing"": 0.3, ""bug"": 0.25}}",289.43589743589746
2025-11-17 12:00:00-06:00,31,237.32258064516128,64.87096774193549,87.09677419354838,"{""channel"": {""email"": 0.5, ""chat"": 0.3, ""phone"": 0.2}, ""issue_type"": {""login"": 0.45, ""billing"": 0.3, ""bug"": 0.25}}",302.19354838709677
2025-11-17 12:30:00-06:00,19,233.78947368421052,62.10526315789474,68.42105263157895,"{""channel"": {""email"": 0.5, ""chat"": 0.3, ""phone"": 0.2}, ""issue_type"": {""login"": 0.45, ""billing"": 0.3, ""bug"": 0.25}}",295.89473684210526
2025-11-17 13:00:00-06:00,26,220.92307692307693,63.42307692307692,65.38461538461539,"{""channel"": {""email"": 0.5, ""chat"": 0.3, ""phone"": 0.2}, ""issue_type"": {""login"": 0.45, ""billing"": 0.3, ""bug"": 0.25}}",284.34615384615387
2025-11-17 13:30:00-06:00,34,241.3235294117647,65.61764705882354,85.29411764705883,"{""channel"": {""email"": 0.5, ""chat"": 0.3, ""phone"": 0.2}, ""issue_type"": {""login"": 0.45, ""billing"": 0.3, ""bug"": 0.25}}",306.94117647058823
2025-11-17 14:00:00-06:00,42,245.57142857142858,60.333333333333336,85.71428571428571,"{""channel"": {""email"": 0.5, ""chat"": 0.3, ""phone"": 0.2}, ""issue_type"": {""login"": 0.45, ""billing"": 0.3, ""bug"": 0.25}}",305.9047619047619
2025-11-17 14:30:00-06:00,44,221.5681818181818,57.52272727272727,70.45454545454545,"{""channel"": {""email"": 0.5, ""chat"": 0.3, ""phone"": 0.2}, ""issue_type"": {""login"": 0.45, ""billing"": 0.3, ""bug"": 0.25}}",279.09090909090907
2025-11-17 15:00:00-06:00,36,235.47222222222223,57.0,75.0,"{""channel"": {""email"": 0.5, ""chat"": 0.3, ""phone"": 0.2}, ""issue_type"": {""login"": 0.45, ""billing"": 0.3, ""bug"": 0.25}}",292.47222222222223
2025-11-17 15:30:00-06:00,27,234.11111111111111,56.18518518518518,70.37037037037037,"{""channel"": {""email"": 0.5, ""chat"": 0.3, ""phone"": 0.2}, ""issue_type"": {""login"": 0.45, ""billing"": 0.3, ""bug"": 0.25}}",290.2962962962963
2025-11-17 16:00:00-06:00,20,254.3,59.55,85.0,"{""channel"": {""email"": 0.5, ""chat"": 0.3, ""phone"": 0.2}, ""issue_type"": {""login"": 0.45, ""billing"": 0.3, ""bug"": 0.25}}",313.85
2025-11-17 16:30:00-06:00,17,241.41176470588235,61.35294117647059,76.47058823529412,"{""channel"": {""email"": 0.5, ""chat"": 0.3, ""phone"": 0.2}, ""issue_type"": {""login"": 0.45, ""billing"": 0.3, ""bug"": 0.25}}",302.7647058823529
2025-11-18 09:00:00-06:00,31,255.48387096774192,65.51612903225806,80.64516129032258,"{""channel"": {""email"": 0.5, ""chat"": 0.3, ""phone"": 0.2}, ""issue_type"": {""login"": 0.45, ""billing"": 0.3, ""bug"": 0.25}}",321.0
2025-11-18 09:30:00-06:00,40,244.85,57.825,75.0,"{""channel"": {""email"": 0.5, ""chat"": 0.3, ""phone"": 0.2}, ""issue_type"": {""login"": 0.45, ""billing"": 0.3, ""bug"": 0.25}}",302.675
2025-11-18 10:00:00-06:00,40,260.05,59.15,80.0,"{""channel"": {""email"": 0.5, ""chat"": 0.3, ""phone"": 0.2}, ""issue_type"": {""login"": 0.45, ""billing"": 0.3, ""bug"": 0.25}}",319.2
2025-11-18 10:30:00-06:00,38,262.92105263157896,59.86842105263158,76.31578947368422,"{""channel"": {""email"": 0.5, ""chat"": 0.3, ""phone"": 0.2}, ""issue_type"": {""login"": 0.45, ""billing"": 0.3, ""bug"": 0.25}}",322.7894736842105
2025-11-18 11:00:00-06:00,51,231.45098039215685,59.627450980392155,84.31372549019608,"{""channel"": {""email"": 0.5, ""chat"": 0.3, ""phone"": 0.2}, ""issue_type"": {""login"": 0.45, ""billing"": 0.3, ""bug"": 0.25}}",291.078431372549
2025-11-18 11:30:00-06:00,28,222.14285714285714,61.714285714285715,67.85714285714286,"{""channel"": {""email"": 0.5, ""chat"": 0.3, ""phone"": 0.2}, ""issue_type"": {""login"": 0.45, ""billing"": 0.3, ""bug"": 0.25}}",283.85714285714283
2025-11-18 12:00:00-06:00,17,241.2941176470588,66.11764705882354,82.35294117647058,"{""channel"": {""email"": 0.5, ""chat"": 0.3, ""phone"": 0.2}, ""issue_type"": {""login"": 0.45, ""billing"": 0.3, ""bug"": 0.25}}",307.4117647058823
2025-11-18 12:30:00-06:00,23,252.7826086956522,60.21739130434783,73.91304347826086,"{""channel"": {""email"": 0.5, ""chat"": 0.3, ""phone"": 0.2}, ""issue_type"": {""login"": 0.45, ""billing"": 0.3, ""bug"": 0.25}}",313.0
2025-11-18 13:00:00-06:00,21,242.57142857142858,58.857142857142854,80.95238095238095,"{""channel"": {""email"": 0.5, ""chat"": 0.3, ""phone"": 0.2}, ""issue_type"": {""login"": 0.45, ""billing"": 0.3, ""bug"": 0.25}}",301.42857142857144
2025-11-18 13:30:00-06:00,30,260.1666666666667,58.03333333333333,66.66666666666666,"{""channel"": {""email"": 0.5, ""chat"": 0.3, ""phone"": 0.2}, ""issue_type"": {""login"": 0.45, ""billing"": 0.3, ""bug"": 0.25}}",318.20000000000005
2025-11-18 14:00:00-06:00,50,242.54,59.9,88.0,"{""channel"": {""email"": 0.5, ""chat"": 0.3, ""phone"": 0.2}, ""issue_type"": {""login"": 0.45, ""billing"": 0.3, ""bug"": 0.25}}",302.44
2025-11-18 14:30:00-06:00,27,226.66666666666666,63.55555555555556,66.66666666666666,"{""channel"": {""email"": 0.5, ""chat"": 0.3, ""phone"": 0.2}, ""issue_type"": {""login"": 0.45, ""billing"": 0.3, ""bug"": 0.25}}",290.22222222222223
2025-11-18 15:00:00-06:00,23,243.08695652173913,56.04347826086956,73.91304347826086,"{""channel"": {""email"": 0.5, ""chat"": 0.3, ""phone"": 0.2}, ""issue_type"": {""login"": 0.45, ""billing"": 0.3, ""bug"": 0.25}}",299.1304347826087
2025-11-18 15:30:00-06:00,32,229.1875,58.5625,71.875,"{""channel"": {""email"": 0.5, ""chat"": 0.3, ""phone"": 0.2}, ""issue_type"": {""login"": 0.45, ""billing"": 0.3, ""bug"": 0.25}}",287.75
2025-11-18 16:00:00-06:00,22,235.63636363636363,62.40909090909091,81.81818181818183,"{""channel"": {""email"": 0.5, ""chat"": 0.3, ""phone"": 0.2}, ""issue_type"": {""login"": 0.45, ""billing"": 0.3, ""bug"": 0.25}}",298.0454545454545
2025-11-18 16:30:00-06:00,17,256.05882352941177,56.76470588235294,70.58823529411765,"{""channel"": {""email"": 0.5, ""chat"": 0.3, ""phone"": 0.2}, ""issue_type"": {""login"": 0.45, ""billing"": 0.3, ""bug"": 0.25}}",312.8235294117647
2025-11-19 09:00:00-06:00,28,257.39285714285717,59.07142857142857,92.85714285714286,"{""channel"": {""email"": 0.5, ""chat"": 0.3, ""phone"": 0.2}, ""issue_type"": {""login"": 0.45, ""billing"": 0.3, ""bug"": 0.25}}",316.4642857142857
2025-11-19 09:30:00-06:00,27,225.14814814814815,60.96296296296296,81.48148148148148,"{""channel"": {""email"": 0.5, ""chat"": 0.3, ""phone"": 0.2}, ""issue_type"": {""login"": 0.45, ""billing"": 0.3, ""bug"": 0.25}}",286.1111111111111
2025-11-19 10:00:00-06:00,29,248.72413793103448,59.41379310344828,68.96551724137932,"{""channel"": {""email"": 0.5, ""chat"": 0.3, ""phone"": 0.2}, ""issue_type"": {""login"": 0.45, ""billing"": 0.3, ""bug"": 0.25}}",308.13793103448273
2025-11-19 10:30:00-06:00,29,211.93103448275863,64.24137931034483,89.65517241379311,"{""channel"": {""email"": 0.5, ""chat"": 0.3, ""phone"": 0.2}, ""issue_type"": {""login"": 0.45, ""billing"": 0.3, ""bug"": 0.25}}",276.1724137931035
2025-11-19 11:00:00-06:00,38,254.68421052631578,59.421052631578945,78.94736842105263,"{""channel"": {""email"": 0.5, ""chat"": 0.3, ""phone"": 0.2}, ""issue_type"": {""login"": 0.45, ""billing"": 0.3, ""bug"": 0.25}}",314.10526315789474
2025-11-19 11:30:00-06:00,42,241.28571428571428,60.45238095238095,78.57142857142857,"{""channel"": {""email"": 0.5, ""chat"": 0.3, ""phone"": 0.2}, ""issue_type"": {""login"": 0.45, ""billing"": 0.3, ""bug"": 0.25}}",301.73809523809524
2025-11-19 12:00:00-06:00,42,243.54761904761904,56.61904761904762,85.71428571428571,"{""channel"": {""email"": 0.5, ""chat"": 0.3, ""phone"": 0.2}, ""issue_type"": {""login"": 0.45, ""billing"": 0.3, ""bug"": 0.25}}",300.16666666666663
2025-11-19 12:30:00-06:00,20,236.55,59.15,95.0,"{""channel"": {""email"": 0.5, ""chat"": 0.3, ""phone"": 0.2}, ""issue_type"": {""login"": 0.45, ""billing"": 0.3, ""bug"": 0.25}}",295.7
2025-11-19 13:00:00-06:00,15,205.8,58.53333333333333,100.0,"{""channel"": {""email"": 0.5, ""chat"": 0.3, ""phone"": 0.2}, ""issue_type"": {""login"": 0.45, ""billing"": 0.3, ""bug"": 0.25}}",264.33333333333337
2025-11-19 13:30:00-06:00,40,241.575,63.2,77.5,"{""channel"": {""email"": 0.5, ""chat"": 0.3, ""phone"": 0.2}, ""issue_type"": {""login"": 0.45, ""billing"": 0.3, ""bug"": 0.25}}",304.775
2025-11-19 14:00:00-06:00,46,232.02173913043478,56.06521739130435,76.08695652173914,"{""channel"": {""email"": 0.5, ""chat"": 0.3, ""phone"": 0.2}, ""issue_type"": {""login"": 0.45, ""billing"": 0.3, ""bug"": 0.25}}",288.0869565217391
2025-11-19 14:30:00-06:00,39,246.71794871794873,60.87179487179487,82.05128205128204,"{""channel"": {""email"": 0.5, ""chat"": 0.3, ""phone"": 0.2}, ""issue_type"": {""login"": 0.45, ""billing"": 0.3, ""bug"": 0.25}}",307.5897435897436
2025-11-19 15:00:00-06:00,19,231.57894736842104,69.6842105263158,78.94736842105263,"{""channel"": {""email"": 0.5, ""chat"": 0.3, ""phone"": 0.2}, ""issue_type"": {""login"": 0.45, ""billing"": 0.3, ""bug"": 0.25}}",301.2631578947368
2025-11-19 15:30:00-06:00,28,250.17857142857142,62.892857142857146,60.71428571428571,"{""channel"": {""email"": 0.5, ""chat"": 0.3, ""phone"": 0.2}, ""issue_type"": {""login"": 0.45, ""billing"": 0.3, ""bug"": 0.25}}",313.07142857142856
2025-11-19 16:00:00-06:00,20,239.5,63.35,70.0,"{""channel"": {""email"": 0.5, ""chat"": 0.3, ""phone"": 0.2}, ""issue_type"": {""login"": 0.45, ""billing"": 0.3, ""bug"": 0.25}}",302.85
2025-11-19 16:30:00-06:00,18,249.66666666666666,48.55555555555556,88.88888888888889,"{""channel"": {""email"": 0.5, ""chat"": 0.3, ""phone"": 0.2}, ""issue_type"": {""login"": 0.45, ""billing"": 0.3, ""bug"": 0.25}}",298.22222222222223
2025-11-20 09:00:00-06:00,24,232.66666666666666,58.208333333333336,87.5,"{""channel"": {""email"": 0.5, ""chat"": 0.3, ""phone"": 0.2}, ""issue_type"": {""login"": 0.45, ""billing"": 0.3, ""bug"": 0.25}}",290.875
2025-11-20 09:30:00-06:00,31,245.32258064516128,56.935483870967744,67.74193548387096,"{""channel"": {""email"": 0.5, ""chat"": 0.3, ""phone"": 0.2}, ""issue_type"": {""login"": 0.45, ""billing"": 0.3, ""bug"": 0.25}}",302.258064516129
2025-11-20 10:00:00-06:00,33,266.6969696969697,65.12121212121212,66.66666666666666,"{""channel"": {""email"": 0.5, ""chat"": 0.3, ""phone"": 0.2}, ""issue_type"": {""login"": 0.45, ""billing"": 0.3, ""bug"": 0.25}}",331.8181818181818
2025-11-20 10:30:00-06:00,45,239.66666666666666,61.4,77.77777777777779,"{""channel"": {""email"": 0.5, ""chat"": 0.3, ""phone"": 0.2}, ""issue_type"": {""login"": 0.45, ""billing"": 0.3, ""bug"": 0.25}}",301.06666666666666
2025-11-20 11:00:00-06:00,57,227.08771929824562,59.70175438596491,80.7017543859649,"{""channel"": {""email"": 0.5, ""chat"": 0.3, ""phone"": 0.2}, ""issue_type"": {""login"": 0.45, ""billing"": 0.3, ""bug"": 0.25}}",286.7894736842105
2025-11-20 11:30:00-06:00,39,244.0,60.256410256410255,82.05128205128204,"{""channel"": {""email"": 0.5, ""chat"": 0.3, ""phone"": 0.2}, ""issue_type"": {""login"": 0.45, ""billing"": 0.3, ""bug"": 0.25}}",304.2564102564103
2025-11-20 12:00:00-06:00,15,253.73333333333332,55.666666666666664,86.66666666666667,"{""channel"": {""email"": 0.5, ""chat"": 0.3, ""phone"": 0.2}, ""issue_type"": {""login"": 0.45, ""billing"": 0.3, ""bug"": 0.25}}",309.4
2025-11-20 12:30:00-06:00,21,224.8095238095238,56.333333333333336,85.71428571428571,"{""channel"": {""email"": 0.5, ""chat"": 0.3, ""phone"": 0.2}, ""issue_type"": {""login"": 0.45, ""billing"": 0.3, ""bug"": 0.25}}",281.1428571428571
2025-11-20 13:00:00-06:00,24,333.9583333333333,62.791666666666664,54.166666666666664,"{""channel"": {""email"": 0.5, ""chat"": 0.3, ""phone"": 0.2}, ""issue_type"": {""login"": 0.45, ""billing"": 0.3, ""bug"": 0.25}}",396.75
2025-11-20 13:30:00-06:00,44,326.6363636363636,67.36363636363636,77.27272727272727,"{""channel"": {""email"": 0.5, ""chat"": 0.3, ""phone"": 0.2}, ""issue_type"": {""login"": 0.45, ""billing"": 0.3, ""bug"": 0.25}}",394.0
2025-11-20 14:00:00-06:00,45,318.2888888888889,68.6,64.44444444444444,"{""channel"": {""email"": 0.5, ""chat"": 0.3, ""phone"": 0.2}, ""issue_type"": {""login"": 0.45, ""billing"": 0.3, ""bug"": 0.25}}",386.8888888888889
2025-11-20 14:30:00-06:00,44,327.09090909090907,66.75,70.45454545454545,"{""channel"": {""email"": 0.5, ""chat"": 0.3, ""phone"": 0.2}, ""issue_type"": {""login"": 0.45, ""billing"": 0.3, ""bug"": 0.25}}",393.84090909090907
2025-11-20 15:00:00-06:00,32,333.46875,62.53125,78.125,"{""channel"": {""email"": 0.5, ""chat"": 0.3, ""phone"": 0.2}, ""issue_type"": {""login"": 0.45, ""billing"": 0.3, ""bug"": 0.25}}",396.0
2025-11-20 15:30:00-06:00,40,349.625,62.425,67.5,"{""channel"": {""email"": 0.5, ""chat"": 0.3, ""phone"": 0.2}, ""issue_type"": {""login"": 0.45, ""billing"": 0.3, ""bug"": 0.25}}",412.05
2025-11-20 16:00:00-06:00,19,328.05263157894734,78.42105263157895,47.368421052631575,"{""channel"": {""email"": 0.5, ""chat"": 0.3, ""phone"": 0.2}, ""issue_type"": {""login"": 0.45, ""billing"": 0.3, ""bug"": 0.25}}",406.4736842105263
2025-11-20 16:30:00-06:00,20,339.25,65.4,70.0,"{""channel"": {""email"": 0.5, ""chat"": 0.3, ""phone"": 0.2}, ""issue_type"": {""login"": 0.45, ""billing"": 0.3, ""bug"": 0.25}}",404.65
2025-11-21 09:00:00-06:00,15,240.46666666666667,64.6,93.33333333333333,"{""channel"": {""email"": 0.5, ""chat"": 0.3, ""phone"": 0.2}, ""issue_type"": {""login"": 0.45, ""billing"": 0.3, ""bug"": 0.25}}",305.06666666666666
2025-11-21 09:30:00-06:00,26,238.8846153846154,55.23076923076923,76.92307692307693,"{""channel"": {""email"": 0.5, ""chat"": 0.3, ""phone"": 0.2}, ""issue_type"": {""login"": 0.45, ""billing"": 0.3, ""bug"": 0.25}}",294.11538461538464
2025-11-21 10:00:00-06:00,35,248.74285714285713,59.2,80.0,"{""channel"": {""email"": 0.5, ""chat"": 0.3, ""phone"": 0.2}, ""issue_type"": {""login"": 0.45, ""billing"": 0.3, ""bug"": 0.25}}",307.9428571428571
2025-11-21 10:30:00-06:00,40,235.175,59.7,72.5,"{""channel"": {""email"": 0.5, ""chat"": 0.3, ""phone"": 0.2}, ""issue_type"": {""login"": 0.45, ""billing"": 0.3, ""bug"": 0.25}}",294.875
2025-11-21 11:00:00-06:00,53,249.81132075471697,63.54716981132076,66.0377358490566,"{""channel"": {""email"": 0.5, ""chat"": 0.3, ""phone"": 0.2}, ""issue_type"": {""login"": 0.45, ""billing"": 0.3, ""bug"": 0.25}}",313.35849056603774
2025-11-21 11:30:00-06:00,27,224.66666666666666,63.629629629629626,81.48148148148148,"{""channel"": {""email"": 0.5, ""chat"": 0.3, ""phone"": 0.2}, ""issue_type"": {""login"": 0.45, ""billing"": 0.3, ""bug"": 0.25}}",288.2962962962963
2025-11-21 12:00:00-06:00,30,236.96666666666667,61.53333333333333,83.33333333333334,"{""channel"": {""email"": 0.5, ""chat"": 0.3, ""phone"": 0.2}, ""issue_type"": {""login"": 0.45, ""billing"": 0.3, ""bug"": 0.25}}",298.5
2025-11-21 12:30:00-06:00,25,222.44,59.76,84.0,"{""channel"": {""email"": 0.5, ""chat"": 0.3, ""phone"": 0.2}, ""issue_type"": {""login"": 0.45, ""billing"": 0.3, ""bug"": 0.25}}",282.2
2025-11-21 13:00:00-06:00,16,265.0625,59.625,75.0,"{""channel"": {""email"": 0.5, ""chat"": 0.3, ""phone"": 0.2}, ""issue_type"": {""login"": 0.45, ""billing"": 0.3, ""bug"": 0.25}}",324.6875
2025-11-21 13:30:00-06:00,32,233.09375,55.4375,71.875,"{""channel"": {""email"": 0.5, ""chat"": 0.3, ""phone"": 0.2}, ""issue_type"": {""login"": 0.45, ""billing"": 0.3, ""bug"": 0.25}}",288.53125
2025-11-21 14:00:00-06:00,41,248.14634146341464,57.63414634146341,70.73170731707317,"{""channel"": {""email"": 0.5, ""chat"": 0.3, ""phone"": 0.2}, ""issue_type"": {""login"": 0.45, ""billing"": 0.3, ""bug"": 0.25}}",305.7804878048781
2025-11-21 14:30:00-06:00,44,232.5681818181818,59.34090909090909,75.0,"{""channel"": {""email"": 0.5, ""chat"": 0.3, ""phone"": 0.2}, ""issue_type"": {""login"": 0.45, ""billing"": 0.3, ""bug"": 0.25}}",291.9090909090909
2025-11-21 15:00:00-06:00,31,235.8709677419355,63.83870967741935,70.96774193548387,"{""channel"": {""email"": 0.5, ""chat"": 0.3, ""phone"": 0.2}, ""issue_type"": {""login"": 0.45, ""billing"": 0.3, ""bug"": 0.25}}",299.7096774193548
2025-11-21 15:30:00-06:00,25,226.64,57.56,72.0,"{""channel"": {""email"": 0.5, ""chat"": 0.3, ""phone"": 0.2}, ""issue_type"": {""login"": 0.45, ""billing"": 0.3, ""bug"": 0.25}}",284.2
2025-11-21 16:00:00-06:00,22,233.27272727272728,55.36363636363637,77.27272727272727,"{""channel"": {""email"": 0.5, ""chat"": 0.3, ""phone"": 0.2}, ""issue_type"": {""login"": 0.45, ""billing"": 0.3, ""bug"": 0.25}}",288.6363636363636
2025-11-21 16:30:00-06:00,17,249.58823529411765,51.23529411764706,76.47058823529412,"{""channel"": {""email"": 0.5, ""chat"": 0.3, ""phone"": 0.2}, ""issue_type"": {""login"": 0.45, ""billing"": 0.3, ""bug"": 0.25}}",300.8235294117647
2025-11-22 09:00:00-06:00,5,239.8,57.0,40.0,"{""channel"": {""email"": 0.5, ""chat"": 0.3, ""phone"": 0.2}, ""issue_type"": {""login"": 0.45, ""billing"": 0.3, ""bug"": 0.25}}",296.8
2025-11-22 09:30:00-06:00,7,217.42857142857142,49.285714285714285,42.857142857142854,"{""channel"": {""email"": 0.5, ""chat"": 0.3, ""phone"": 0.2}, ""issue_type"": {""login"": 0.45, ""billing"": 0.3, ""bug"": 0.25}}",266.7142857142857
2025-11-22 10:00:00-06:00,10,245.0,63.9,70.0,"{""channel"": {""email"": 0.5, ""chat"": 0.3, ""phone"": 0.2}, ""issue_type"": {""login"": 0.45, ""billing"": 0.3, ""bug"": 0.25}}",308.9
2025-11-22 10:30:00-06:00,22,245.5909090909091,60.36363636363637,86.36363636363636,"{""channel"": {""email"": 0.5, ""chat"": 0.3, ""phone"": 0.2}, ""issue_type"": {""login"": 0.45, ""billing"": 0.3, ""bug"": 0.25}}",305.95454545454544
2025-11-22 11:00:00-06:00,20,249.35,59.15,65.0,"{""channel"": {""email"": 0.5, ""chat"": 0.3, ""phone"": 0.2}, ""issue_type"": {""login"": 0.45, ""billing"": 0.3, ""bug"": 0.25}}",308.5
2025-11-22 11:30:00-06:00,11,263.8181818181818,67.63636363636364,81.81818181818183,"{""channel"": {""email"": 0.5, ""chat"": 0.3, ""phone"": 0.2}, ""issue_type"": {""login"": 0.45, ""billing"": 0.3, ""bug"": 0.25}}",331.45454545454544
2025-11-22 12:00:00-06:00,7,254.42857142857142,61.857142857142854,71.42857142857143,"{""channel"": {""email"": 0.5, ""chat"": 0.3, ""phone"": 0.2}, ""issue_type"": {""login"": 0.45, ""billing"": 0.3, ""bug"": 0.25}}",316.2857142857143
2025-11-22 12:30:00-06:00,5,236.0,52.4,80.0,"{""channel"": {""email"": 0.5, ""chat"": 0.3, ""phone"": 0.2}, ""issue_type"": {""login"": 0.45, ""billing"": 0.3, ""bug"": 0.25}}",288.4
2025-11-22 13:00:00-06:00,8,239.25,50.625,75.0,"{""channel"": {""email"": 0.5, ""chat"": 0.3, ""phone"": 0.2}, ""issue_type"": {""login"": 0.45, ""billing"": 0.3, ""bug"": 0.25}}",289.875
2025-11-22 13:30:00-06:00,12,253.91666666666666,60.833333333333336,75.0,"{""channel"": {""email"": 0.5, ""chat"": 0.3, ""phone"": 0.2}, ""issue_type"": {""login"": 0.45, ""billing"": 0.3, ""bug"": 0.25}}",314.75
2025-11-22 14:00:00-06:00,21,235.28571428571428,60.42857142857143,61.904761904761905,"{""channel"": {""email"": 0.5, ""chat"": 0.3, ""phone"": 0.2}, ""issue_type"": {""login"": 0.45, ""billing"": 0.3, ""bug"": 0.25}}",295.7142857142857
2025-11-22 14:30:00-06:00,11,208.72727272727272,64.72727272727273,81.81818181818183,"{""channel"": {""email"": 0.5, ""chat"": 0.3, ""phone"": 0.2}, ""issue_type"": {""login"": 0.45, ""billing"": 0.3, ""bug"": 0.25}}",273.45454545454544
2025-11-22 15:00:00-06:00,12,245.66666666666666,52.5,75.0,"{""channel"": {""email"": 0.5, ""chat"": 0.3, ""phone"": 0.2}, ""issue_type"": {""login"": 0.45, ""billing"": 0.3, ""bug"": 0.25}}",298.16666666666663
2025-11-22 15:30:00-06:00,9,255.0,66.55555555555556,100.0,"{""channel"": {""email"": 0.5, ""chat"": 0.3, ""phone"": 0.2}, ""issue_type"": {""login"": 0.45, ""billing"": 0.3, ""bug"": 0.25}}",321.55555555555554
2025-11-22 16:00:00-06:00,8,201.5,53.375,75.0,"{""channel"": {""email"": 0.5, ""chat"": 0.3, ""phone"": 0.2}, ""issue_type"": {""login"": 0.45, ""billing"": 0.3, ""bug"": 0.25}}",254.875
2025-11-22 16:30:00-06:00,4,248.0,59.5,75.0,"{""channel"": {""email"": 0.5, ""chat"": 0.3, ""phone"": 0.2}, ""issue_type"": {""login"": 0.45, ""billing"": 0.3, ""bug"": 0.25}}",307.5
2025-11-23 09:00:00-06:00,6,250.0,51.166666666666664,100.0,"{""channel"": {""email"": 0.5, ""chat"": 0.3, ""phone"": 0.2}, ""issue_type"": {""login"": 0.45, ""billing"": 0.3, ""bug"": 0.25}}",301.1666666666667
2025-11-23 09:30:00-06:00,8,270.625,72.0,62.5,"{""channel"": {""email"": 0.5, ""chat"": 0.3, ""phone"": 0.2}, ""issue_type"": {""login"": 0.45, ""billing"": 0.3, ""bug"": 0.25}}",342.625
2025-11-23 10:00:00-06:00,9,219.33333333333334,51.111111111111114,44.44444444444444,"{""channel"": {""email"": 0.5, ""chat"": 0.3, ""phone"": 0.2}, ""issue_type"": {""login"": 0.45, ""billing"": 0.3, ""bug"": 0.25}}",270.44444444444446
2025-11-23 10:30:00-06:00,13,251.23076923076923,58.53846153846154,69.23076923076923,"{""channel"": {""email"": 0.5, ""chat"": 0.3, ""phone"": 0.2}, ""issue_type"": {""login"": 0.45, ""billing"": 0.3, ""bug"": 0.25}}",309.7692307692308
2025-11-23 11:00:00-06:00,10,225.8,57.4,90.0,"{""channel"": {""email"": 0.5, ""chat"": 0.3, ""phone"": 0.2}, ""issue_type"": {""login"": 0.45, ""billing"": 0.3, ""bug"": 0.25}}",283.2
2025-11-23 11:30:00-06:00,7,240.14285714285714,61.42857142857143,71.42857142857143,"{""channel"": {""email"": 0.5, ""chat"": 0.3, ""phone"": 0.2}, ""issue_type"": {""login"": 0.45, ""billing"": 0.3, ""bug"": 0.25}}",301.57142857142856
2025-11-23 12:00:00-06:00,5,324.2,78.8,100.0,"{""channel"": {""email"": 0.5, ""chat"": 0.3, ""phone"": 0.2}, ""issue_type"": {""login"": 0.45, ""billing"": 0.3, ""bug"": 0.25}}",403.0
2025-11-23 12:30:00-06:00,9,232.55555555555554,56.666666666666664,100.0,"{""channel"": {""email"": 0.5, ""chat"": 0.3, ""phone"": 0.2}, ""issue_type"": {""login"": 0.45, ""billing"": 0.3, ""bug"": 0.25}}",289.22222222222223
2025-11-23 13:00:00-06:00,9,255.0,51.888888888888886,77.77777777777779,"{""channel"": {""email"": 0.5, ""chat"": 0.3, ""phone"": 0.2}, ""issue_type"": {""login"": 0.45, ""billing"": 0.3, ""bug"": 0.25}}",306.8888888888889
2025-11-23 13:30:00-06:00,8,250.125,52.875,75.0,"{""channel"": {""email"": 0.5, ""chat"": 0.3, ""phone"": 0.2}, ""issue_type"": {""login"": 0.45, ""billing"": 0.3, ""bug"": 0.25}}",303.0
2025-11-23 14:00:00-06:00,15,251.53333333333333,66.4,66.66666666666666,"{""channel"": {""email"": 0.5, ""chat"": 0.3, ""phone"": 0.2}, ""issue_type"": {""login"": 0.45, ""billing"": 0.3, ""bug"": 0.25}}",317.93333333333334
2025-11-23 14:30:00-06:00,12,238.0,58.083333333333336,75.0,"{""channel"": {""email"": 0.5, ""chat"": 0.3, ""phone"": 0.2}, ""issue_type"": {""login"": 0.45, ""billing"": 0.3, ""bug"": 0.25}}",296.0833333333333
2025-11-23 15:00:00-06:00,5,207.2,61.2,60.0,"{""channel"": {""email"": 0.5, ""chat"": 0.3, ""phone"": 0.2}, ""issue_type"": {""login"": 0.45, ""billing"": 0.3, ""bug"": 0.25}}",268.4
2025-11-23 15:30:00-06:00,13,196.3846153846154,51.84615384615385,100.0,"{""channel"": {""email"": 0.5, ""chat"": 0.3, ""phone"": 0.2}, ""issue_type"": {""login"": 0.45, ""billing"": 0.3, ""bug"": 0.25}}",248.23076923076923
2025-11-23 16:00:00-06:00,7,244.57142857142858,61.857142857142854,85.71428571428571,"{""channel"": {""email"": 0.5, ""chat"": 0.3, ""phone"": 0.2}, ""issue_type"": {""login"": 0.45, ""billing"": 0.3, ""bug"": 0.25}}",306.42857142857144
2025-11-23 16:30:00-06:00,4,212.25,71.75,75.0,"{""channel"": {""email"": 0.5, ""chat"": 0.3, ""phone"": 0.2}, ""issue_type"": {""login"": 0.45, ""billing"": 0.3, ""bug"": 0.25}}",284.0
2025-11-24 09:00:00-06:00,25,214.72,56.88,80.0,"{""channel"": {""email"": 0.5, ""chat"": 0.3, ""phone"": 0.2}, ""issue_type"": {""login"": 0.45, ""billing"": 0.3, ""bug"": 0.25}}",271.6
2025-11-24 09:30:00-06:00,25,235.0,54.6,84.0,"{""channel"": {""email"": 0.5, ""chat"": 0.3, ""phone"": 0.2}, ""issue_type"": {""login"": 0.45, ""billing"": 0.3, ""bug"": 0.25}}",289.6
2025-11-24 10:00:00-06:00,34,235.14705882352942,60.26470588235294,67.64705882352942,"{""channel"": {""email"": 0.5, ""chat"": 0.3, ""phone"": 0.2}, ""issue_type"": {""login"": 0.45, ""billing"": 0.3, ""bug"": 0.25}}",295.4117647058824
2025-11-24 10:30:00-06:00,40,232.0,60.25,77.5,"{""channel"": {""email"": 0.5, ""chat"": 0.3, ""phone"": 0.2}, ""issue_type"": {""login"": 0.45, ""billing"": 0.3, ""bug"": 0.25}}",292.25
2025-11-24 11:00:00-06:00,45,238.13333333333333,55.955555555555556,88.88888888888889,"{""channel"": {""email"": 0.5, ""chat"": 0.3, ""phone"": 0.2}, ""issue_type"": {""login"": 0.45, ""billing"": 0.3, ""bug"": 0.25}}",294.0888888888889
2025-11-24 11:30:00-06:00,41,234.14634146341464,59.19512195121951,85.36585365853658,"{""channel"": {""email"": 0.5, ""chat"": 0.3, ""phone"": 0.2}, ""issue_type"": {""login"": 0.45, ""billing"": 0.3, ""bug"": 0.25}}",293.3414634146342
2025-11-24 12:00:00-06:00,23,247.82608695652175,62.608695652173914,86.95652173913044,"{""channel"": {""email"": 0.5, ""chat"": 0.3, ""phone"": 0.2}, ""issue_type"": {""login"": 0.45, ""billing"": 0.3, ""bug"": 0.25}}",310.4347826086957
2025-11-24 12:30:00-06:00,21,251.95238095238096,59.285714285714285,90.47619047619048,"{""channel"": {""email"": 0.5, ""chat"": 0.3, ""phone"": 0.2}, ""issue_type"": {""login"": 0.45, ""billing"": 0.3, ""bug"": 0.25}}",311.23809523809524
2025-11-24 13:00:00-06:00,30,220.53333333333333,55.03333333333333,66.66666666666666,"{""channel"": {""email"": 0.5, ""chat"": 0.3, ""phone"": 0.2}, ""issue_type"": {""login"": 0.45, ""billing"": 0.3, ""bug"": 0.25}}",275.56666666666666
2025-11-24 13:30:00-06:00,39,256.38461538461536,54.46153846153846,76.92307692307693,"{""channel"": {""email"": 0.5, ""chat"": 0.3, ""phone"": 0.2}, ""issue_type"": {""login"": 0.45, ""billing"": 0.3, ""bug"": 0.25}}",310.8461538461538
2025-11-24 14:00:00-06:00,37,243.45945945945945,61.810810810810814,83.78378378378379,"{""channel"": {""email"": 0.5, ""chat"": 0.3, ""phone"": 0.2}, ""issue_type"": {""login"": 0.45, ""billing"": 0.3, ""bug"": 0.25}}",305.27027027027026
2025-11-24 14:30:00-06:00,38,235.5,59.26315789473684,89.47368421052632,"{""channel"": {""email"": 0.5, ""chat"": 0.3, ""phone"": 0.2}, ""issue_type"": {""login"": 0.45, ""billing"": 0.3, ""bug"": 0.25}}",294.7631578947368
2025-11-24 15:00:00-06:00,40,249.225,61.375,82.5,"{""channel"": {""email"": 0.5, ""chat"": 0.3, ""phone"": 0.2}, ""issue_type"": {""login"": 0.45, ""billing"": 0.3, ""bug"": 0.25}}",310.6
2025-11-24 15:30:00-06:00,21,250.85714285714286,61.666666666666664,80.95238095238095,"{""channel"": {""email"": 0.5, ""chat"": 0.3, ""phone"": 0.2}, ""issue_type"": {""login"": 0.45, ""billing"": 0.3, ""bug"": 0.25}}",312.5238095238095
2025-11-24 16:00:00-06:00,19,225.6315789473684,61.31578947368421,78.94736842105263,"{""channel"": {""email"": 0.5, ""chat"": 0.3, ""phone"": 0.2}, ""issue_type"": {""login"": 0.45, ""billing"": 0.3, ""bug"": 0.25}}",286.9473684210526
2025-11-24 16:30:00-06:00,16,273.4375,53.5,93.75,"{""channel"": {""email"": 0.5, ""chat"": 0.3, ""phone"": 0.2}, ""issue_type"": {""login"": 0.45, ""billing"": 0.3, ""bug"": 0.25}}",326.9375
2025-11-25 09:00:00-06:00,17,236.8235294117647,56.76470588235294,58.82352941176471,"{""channel"": {""email"": 0.5, ""chat"": 0.3, ""phone"": 0.2}, ""issue_type"": {""login"": 0.45, ""billing"": 0.3, ""bug"": 0.25}}",293.5882352941176
2025-11-25 09:30:00-06:00,21,254.38095238095238,62.095238095238095,85.71428571428571,"{""channel"": {""email"": 0.5, ""chat"": 0.3, ""phone"": 0.2}, ""issue_type"": {""login"": 0.45, ""billing"": 0.3, ""bug"": 0.25}}",316.4761904761905
2025-11-25 10:00:00-06:00,44,254.3409090909091,66.22727272727273,88.63636363636364,"{""channel"": {""email"": 0.5, ""chat"": 0.3, ""phone"": 0.2}, ""issue_type"": {""login"": 0.45, ""billing"": 0.3, ""bug"": 0.25}}",320.5681818181818
2025-11-25 10:30:00-06:00,37,240.27027027027026,56.729729729729726,78.37837837837837,"{""channel"": {""email"": 0.5, ""chat"": 0.3, ""phone"": 0.2}, ""issue_type"": {""login"": 0.45, ""billing"": 0.3, ""bug"": 0.25}}",297.0
2025-11-25 11:00:00-06:00,52,238.67307692307693,59.96153846153846,82.6923076923077,"{""channel"": {""email"": 0.5, ""chat"": 0.3, ""phone"": 0.2}, ""issue_type"": {""login"": 0.45, ""billing"": 0.3, ""bug"": 0.25}}",298.6346153846154
2025-11-25 11:30:00-06:00,41,255.14634146341464,58.829268292682926,85.36585365853658,"{""channel"": {""email"": 0.5, ""chat"": 0.3, ""phone"": 0.2}, ""issue_type"": {""login"": 0.45, ""billing"": 0.3, ""bug"": 0.25}}",313.9756097560976
2025-11-25 12:00:00-06:00,24,256.3333333333333,63.208333333333336,91.66666666666666,"{""channel"": {""email"": 0.5, ""chat"": 0.3, ""phone"": 0.2}, ""issue_type"": {""login"": 0.45, ""billing"": 0.3, ""bug"": 0.25}}",319.54166666666663
2025-11-25 12:30:00-06:00,25,249.44,54.36,76.0,"{""channel"": {""email"": 0.5, ""chat"": 0.3, ""phone"": 0.2}, ""issue_type"": {""login"": 0.45, ""billing"": 0.3, ""bug"": 0.25}}",303.8
2025-11-25 13:00:00-06:00,23,248.3913043478261,63.17391304347826,73.91304347826086,"{""channel"": {""email"": 0.5, ""chat"": 0.3, ""phone"": 0.2}, ""issue_type"": {""login"": 0.45, ""billing"": 0.3, ""bug"": 0.25}}",311.5652173913044
2025-11-25 13:30:00-06:00,30,254.56666666666666,58.266666666666666,83.33333333333334,"{""channel"": {""email"": 0.5, ""chat"": 0.3, ""phone"": 0.2}, ""issue_type"": {""login"": 0.45, ""billing"": 0.3, ""bug"": 0.25}}",312.8333333333333
2025-11-25 14:00:00-06:00,47,243.85106382978722,62.744680851063826,72.3404255319149,"{""channel"": {""email"": 0.5, ""chat"": 0.3, ""phone"": 0.2}, ""issue_type"": {""login"": 0.45, ""billing"": 0.3, ""bug"": 0.25}}",306.59574468085106
2025-11-25 14:30:00-06:00,49,230.0408163265306,56.91836734693877,77.55102040816327,"{""channel"": {""email"": 0.5, ""chat"": 0.3, ""phone"": 0.2}, ""issue_type"": {""login"": 0.45, ""billing"": 0.3, ""bug"": 0.25}}",286.9591836734694
2025-11-25 15:00:00-06:00,37,237.1891891891892,61.486486486486484,86.48648648648648,"{""channel"": {""email"": 0.5, ""chat"": 0.3, ""phone"": 0.2}, ""issue_type"": {""login"": 0.45, ""billing"": 0.3, ""bug"": 0.25}}",298.6756756756757
2025-11-25 15:30:00-06:00,30,235.66666666666666,58.4,80.0,"{""channel"": {""email"": 0.5, ""chat"": 0.3, ""phone"": 0.2}, ""issue_type"": {""login"": 0.45, ""billing"": 0.3, ""bug"": 0.25}}",294.06666666666666
2025-11-25 16:00:00-06:00,22,241.22727272727272,66.04545454545455,81.81818181818183,"{""channel"": {""email"": 0.5, ""chat"": 0.3, ""phone"": 0.2}, ""issue_type"": {""login"": 0.45, ""billing"": 0.3, ""bug"": 0.25}}",307.27272727272725
2025-11-25 16:30:00-06:00,18,257.44444444444446,63.333333333333336,66.66666666666666,"{""channel"": {""email"": 0.5, ""chat"": 0.3, ""phone"": 0.2}, ""issue_type"": {""login"": 0.45, ""billing"": 0.3, ""bug"": 0.25}}",320.77777777777777
2025-11-26 09:00:00-06:00,30,236.46666666666667,60.6,83.33333333333334,"{""channel"": {""email"": 0.5, ""chat"": 0.3, ""phone"": 0.2}, ""issue_type"": {""login"": 0.45, ""billing"": 0.3, ""bug"": 0.25}}",297.06666666666666
2025-11-26 09:30:00-06:00,30,219.4,55.166666666666664,83.33333333333334,"{""channel"": {""email"": 0.5, ""chat"": 0.3, ""phone"": 0.2}, ""issue_type"": {""login"": 0.45, ""billing"": 0.3, ""bug"": 0.25}}",274.56666666666666
2025-11-26 10:00:00-06:00,25,249.16,58.56,64.0,"{""channel"": {""email"": 0.5, ""chat"": 0.3, ""phone"": 0.2}, ""issue_type"": {""login"": 0.45, ""billing"": 0.3, ""bug"": 0.25}}",307.72
2025-11-26 10:30:00-06:00,49,223.77551020408163,61.59183673469388,77.55102040816327,"{""channel"": {""email"": 0.5, ""chat"": 0.3, ""phone"": 0.2}, ""issue_type"": {""login"": 0.45, ""billing"": 0.3, ""bug"": 0.25}}",285.3673469387755
2025-11-26 11:00:00-06:00,44,238.5909090909091,61.27272727272727,95.45454545454545,"{""channel"": {""email"": 0.5, ""chat"": 0.3, ""phone"": 0.2}, ""issue_type"": {""login"": 0.45, ""billing"": 0.3, ""bug"": 0.25}}",299.8636363636364
2025-11-26 11:30:00-06:00,38,255.02631578947367,59.78947368421053,89.47368421052632,"{""channel"": {""email"": 0.5, ""chat"": 0.3, ""phone"": 0.2}, ""issue_type"": {""login"": 0.45, ""billing"": 0.3, ""bug"": 0.25}}",314.8157894736842
2025-11-26 12:00:00-06:00,26,255.80769230769232,58.65384615384615,61.53846153846154,"{""channel"": {""email"": 0.5, ""chat"": 0.3, ""phone"": 0.2}, ""issue_type"": {""login"": 0.45, ""billing"": 0.3, ""bug"": 0.25}}",314.46153846153845
2025-11-26 12:30:00-06:00,27,214.5185185185185,58.074074074074076,66.66666666666666,"{""channel"": {""email"": 0.5, ""chat"": 0.3, ""phone"": 0.2}, ""issue_type"": {""login"": 0.45, ""billing"": 0.3, ""bug"": 0.25}}",272.5925925925926
2025-11-26 13:00:00-06:00,19,226.31578947368422,54.63157894736842,68.42105263157895,"{""channel"": {""email"": 0.5, ""chat"": 0.3, ""phone"": 0.2}, ""issue_type"": {""login"": 0.45, ""billing"": 0.3, ""bug"": 0.25}}",280.94736842105266
2025-11-26 13:30:00-06:00,30,239.43333333333334,60.63333333333333,53.333333333333336,"{""channel"": {""email"": 0.5, ""chat"": 0.3, ""phone"": 0.2}, ""issue_type"": {""login"": 0.45, ""billing"": 0.3, ""bug"": 0.25}}",300.06666666666666
2025-11-26 14:00:00-06:00,47,219.89361702127658,64.08510638297872,87.2340425531915,"{""channel"": {""email"": 0.5, ""chat"": 0.3, ""phone"": 0.2}, ""issue_type"": {""login"": 0.45, ""billing"": 0.3, ""bug"": 0.25}}",283.97872340425533
2025-11-26 14:30:00-06:00,48,240.97916666666666,63.791666666666664,79.16666666666666,"{""channel"": {""email"": 0.5, ""chat"": 0.3, ""phone"": 0.2}, ""issue_type"": {""login"": 0.45, ""billing"": 0.3, ""bug"": 0.25}}",304.7708333333333
2025-11-26 15:00:00-06:00,34,236.47058823529412,59.794117647058826,79.41176470588235,"{""channel"": {""email"": 0.5, ""chat"": 0.3, ""phone"": 0.2}, ""issue_type"": {""login"": 0.45, ""billing"": 0.3, ""bug"": 0.25}}",296.2647058823529
2025-11-26 15:30:00-06:00,22,222.4090909090909,60.63636363636363,77.27272727272727,"{""channel"": {""email"": 0.5, ""chat"": 0.3, ""phone"": 0.2}, ""issue_type"": {""login"": 0.45, ""billing"": 0.3, ""bug"": 0.25}}",283.04545454545456
2025-11-26 16:00:00-06:00,24,236.91666666666666,49.625,75.0,"{""channel"": {""email"": 0.5, ""chat"": 0.3, ""phone"": 0.2}, ""issue_type"": {""login"": 0.45, ""billing"": 0.3, ""bug"": 0.25}}",286.54166666666663
2025-11-26 16:30:00-06:00,11,233.1818181818182,53.63636363636363,54.54545454545454,"{""channel"": {""email"": 0.5, ""chat"": 0.3, ""phone"": 0.2}, ""issue_type"": {""login"": 0.45, ""billing"": 0.3, ""bug"": 0.25}}",286.8181818181818
2025-11-27 09:00:00-06:00,19,241.89473684210526,58.578947368421055,63.1578947368421,"{""channel"": {""email"": 0.5, ""chat"": 0.3, ""phone"": 0.2}, ""issue_type"": {""login"": 0.45, ""billing"": 0.3, ""bug"": 0.25}}",300.4736842105263
2025-11-27 09:30:00-06:00,23,250.47826086956522,57.17391304347826,78.26086956521739,"{""channel"": {""email"": 0.5, ""chat"": 0.3, ""phone"": 0.2}, ""issue_type"": {""login"": 0.45, ""billing"": 0.3, ""bug"": 0.25}}",307.6521739130435
2025-11-27 10:00:00-06:00,38,249.1578947368421,61.71052631578947,76.31578947368422,"{""channel"": {""email"": 0.5, ""chat"": 0.3, ""phone"": 0.2}, ""issue_type"": {""login"": 0.45, ""billing"": 0.3, ""bug"": 0.25}}",310.86842105263156
2025-11-27 10:30:00-06:00,47,237.4255319148936,58.42553191489362,76.59574468085107,"{""channel"": {""email"": 0.5, ""chat"": 0.3, ""phone"": 0.2}, ""issue_type"": {""login"": 0.45, ""billing"": 0.3, ""bug"": 0.25}}",295.8510638297872
2025-11-27 11:00:00-06:00,47,250.08510638297872,67.19148936170212,82.97872340425532,"{""channel"": {""email"": 0.5, ""chat"": 0.3, ""phone"": 0.2}, ""issue_type"": {""login"": 0.45, ""billing"": 0.3, ""bug"": 0.25}}",317.27659574468083
2025-11-27 11:30:00-06:00,35,230.17142857142858,64.11428571428571,88.57142857142857,"{""channel"": {""email"": 0.5, ""chat"": 0.3, ""phone"": 0.2}, ""issue_type"": {""login"": 0.45, ""billing"": 0.3, ""bug"": 0.25}}",294.2857142857143
2025-11-27 12:00:00-06:00,22,244.5909090909091,55.13636363636363,77.27272727272727,"{""channel"": {""email"": 0.5, ""chat"": 0.3, ""phone"": 0.2}, ""issue_type"": {""login"": 0.45, ""billing"": 0.3, ""bug"": 0.25}}",299.72727272727275
2025-11-27 12:30:00-06:00,21,231.0952380952381,61.19047619047619,80.95238095238095,"{""channel"": {""email"": 0.5, ""chat"": 0.3, ""phone"": 0.2}, ""issue_type"": {""login"": 0.45, ""billing"": 0.3, ""bug"": 0.25}}",292.2857142857143
2025-11-27 13:00:00-06:00,25,252.44,73.32,80.0,"{""channel"": {""email"": 0.5, ""chat"": 0.3, ""phone"": 0.2}, ""issue_type"": {""login"": 0.45, ""billing"": 0.3, ""bug"": 0.25}}",325.76
2025-11-27 13:30:00-06:00,41,235.26829268292684,58.46341463414634,78.04878048780488,"{""channel"": {""email"": 0.5, ""chat"": 0.3, ""phone"": 0.2}, ""issue_type"": {""login"": 0.45, ""billing"": 0.3, ""bug"": 0.25}}",293.7317073170732
2025-11-27 14:00:00-06:00,40,230.3,57.2,80.0,"{""channel"": {""email"": 0.5, ""chat"": 0.3, ""phone"": 0.2}, ""issue_type"": {""login"": 0.45, ""billing"": 0.3, ""bug"": 0.25}}",287.5
2025-11-27 14:30:00-06:00,43,235.58139534883722,63.674418604651166,81.3953488372093,"{""channel"": {""email"": 0.5, ""chat"": 0.3, ""phone"": 0.2}, ""issue_type"": {""login"": 0.45, ""billing"": 0.3, ""bug"": 0.25}}",299.25581395348837
2025-11-27 15:00:00-06:00,35,240.54285714285714,59.74285714285714,77.14285714285715,"{""channel"": {""email"": 0.5, ""chat"": 0.3, ""phone"": 0.2}, ""issue_type"": {""login"": 0.45, ""billing"": 0.3, ""bug"": 0.25}}",300.2857142857143
2025-11-27 15:30:00-06:00,20,251.45,61.05,90.0,"{""channel"": {""email"": 0.5, ""chat"": 0.3, ""phone"": 0.2}, ""issue_type"": {""login"": 0.45, ""billing"": 0.3, ""bug"": 0.25}}",312.5
2025-11-27 16:00:00-06:00,26,245.46153846153845,53.46153846153846,69.23076923076923,"{""channel"": {""email"": 0.5, ""chat"": 0.3, ""phone"": 0.2}, ""issue_type"": {""login"": 0.45, ""billing"": 0.3, ""bug"": 0.25}}",298.9230769230769
2025-11-27 16:30:00-06:00,23,247.17391304347825,60.608695652173914,86.95652173913044,"{""channel"": {""email"": 0.5, ""chat"": 0.3, ""phone"": 0.2}, ""issue_type"": {""login"": 0.45, ""billing"": 0.3, ""bug"": 0.25}}",307.7826086956522
2025-11-28 09:00:00-06:00,24,232.54166666666666,53.791666666666664,79.16666666666666,"{""channel"": {""email"": 0.5, ""chat"": 0.3, ""phone"": 0.2}, ""issue_type"": {""login"": 0.45, ""billing"": 0.3, ""bug"": 0.25}}",286.3333333333333
2025-11-28 09:30:00-06:00,23,232.91304347826087,64.95652173913044,78.26086956521739,"{""channel"": {""email"": 0.5, ""chat"": 0.3, ""phone"": 0.2}, ""issue_type"": {""login"": 0.45, ""billing"": 0.3, ""bug"": 0.25}}",297.8695652173913
2025-11-28 10:00:00-06:00,29,235.86206896551724,53.241379310344826,72.41379310344827,"{""channel"": {""email"": 0.5, ""chat"": 0.3, ""phone"": 0.2}, ""issue_type"": {""login"": 0.45, ""billing"": 0.3, ""bug"": 0.25}}",289.1034482758621
2025-11-28 10:30:00-06:00,33,251.03030303030303,62.72727272727273,75.75757575757575,"{""channel"": {""email"": 0.5, ""chat"": 0.3, ""phone"": 0.2}, ""issue_type"": {""login"": 0.45, ""billing"": 0.3, ""bug"": 0.25}}",313.75757575757575
2025-11-28 11:00:00-06:00,42,255.35714285714286,63.92857142857143,76.19047619047619,"{""channel"": {""email"": 0.5, ""chat"": 0.3, ""phone"": 0.2}, ""issue_type"": {""login"": 0.45, ""billing"": 0.3, ""bug"": 0.25}}",319.2857142857143
2025-11-28 11:30:00-06:00,41,234.3658536585366,60.19512195121951,85.36585365853658,"{""channel"": {""email"": 0.5, ""chat"": 0.3, ""phone"": 0.2}, ""issue_type"": {""login"": 0.45, ""billing"": 0.3, ""bug"": 0.25}}",294.5609756097561
2025-11-28 12:00:00-06:00,22,236.4090909090909,55.59090909090909,86.36363636363636,"{""channel"": {""email"": 0.5, ""chat"": 0.3, ""phone"": 0.2}, ""issue_type"": {""login"": 0.45, ""billing"": 0.3, ""bug"": 0.25}}",292.0
2025-11-28 12:30:00-06:00,23,255.2608695652174,59.08695652173913,82.6086956521739,"{""channel"": {""email"": 0.5, ""chat"": 0.3, ""phone"": 0.2}, ""issue_type"": {""login"": 0.45, ""billing"": 0.3, ""bug"": 0.25}}",314.34782608695656
2025-11-28 13:00:00-06:00,24,249.95833333333334,67.41666666666667,79.16666666666666,"{""channel"": {""email"": 0.5, ""chat"": 0.3, ""phone"": 0.2}, ""issue_type"": {""login"": 0.45, ""billing"": 0.3, ""bug"": 0.25}}",317.375
2025-11-28 13:30:00-06:00,36,241.36111111111111,64.72222222222223,83.33333333333334,"{""channel"": {""email"": 0.5, ""chat"": 0.3, ""phone"": 0.2}, ""issue_type"": {""login"": 0.45, ""billing"": 0.3, ""bug"": 0.25}}",306.08333333333337
2025-11-28 14:00:00-06:00,49,232.59183673469389,60.326530612244895,77.55102040816327,"{""channel"": {""email"": 0.5, ""chat"": 0.3, ""phone"": 0.2}, ""issue_type"": {""login"": 0.45, ""billing"": 0.3, ""bug"": 0.25}}",292.9183673469388
2025-11-28 14:30:00-06:00,43,238.37209302325581,62.72093023255814,69.76744186046511,"{""channel"": {""email"": 0.5, ""chat"": 0.3, ""phone"": 0.2}, ""issue_type"": {""login"": 0.45, ""billing"": 0.3, ""bug"": 0.25}}",301.09302325581393
2025-11-28 15:00:00-06:00,29,259.2758620689655,57.96551724137931,82.75862068965517,"{""channel"": {""email"": 0.5, ""chat"": 0.3, ""phone"": 0.2}, ""issue_type"": {""login"": 0.45, ""billing"": 0.3, ""bug"": 0.25}}",317.2413793103448
2025-11-28 15:30:00-06:00,22,241.8181818181818,62.18181818181818,90.9090909090909,"{""channel"": {""email"": 0.5, ""chat"": 0.3, ""phone"": 0.2}, ""issue_type"": {""login"": 0.45, ""billing"": 0.3, ""bug"": 0.25}}",304.0
2025-11-28 16:00:00-06:00,24,240.91666666666666,51.166666666666664,79.16666666666666,"{""channel"": {""email"": 0.5, ""chat"": 0.3, ""phone"": 0.2}, ""issue_type"": {""login"": 0.45, ""billing"": 0.3, ""bug"": 0.25}}",292.0833333333333
2025-11-28 16:30:00-06:00,13,259.9230769230769,57.0,69.23076923076923,"{""channel"": {""email"": 0.5, ""chat"": 0.3, ""phone"": 0.2}, ""issue_type"": {""login"": 0.45, ""billing"": 0.3, ""bug"": 0.25}}",316.9230769230769
2025-11-29 09:00:00-06:00,7,237.14285714285714,63.857142857142854,57.14285714285714,"{""channel"": {""email"": 0.5, ""chat"": 0.3, ""phone"": 0.2}, ""issue_type"": {""login"": 0.45, ""billing"": 0.3, ""bug"": 0.25}}",301.0
2025-11-29 09:30:00-06:00,8,261.5,53.125,87.5,"{""channel"": {""email"": 0.5, ""chat"": 0.3, ""phone"": 0.2}, ""issue_type"": {""login"": 0.45, ""billing"": 0.3, ""bug"": 0.25}}",314.625
2025-11-29 10:00:00-06:00,10,252.8,61.1,80.0,"{""channel"": {""email"": 0.5, ""chat"": 0.3, ""phone"": 0.2}, ""issue_type"": {""login"": 0.45, ""billing"": 0.3, ""bug"": 0.25}}",313.90000000000003
2025-11-29 10:30:00-06:00,22,226.95454545454547,60.95454545454545,59.09090909090909,"{""channel"": {""email"": 0.5, ""chat"": 0.3, ""phone"": 0.2}, ""issue_type"": {""login"": 0.45, ""billing"": 0.3, ""bug"": 0.25}}",287.90909090909093
2025-11-29 11:00:00-06:00,19,252.31578947368422,61.473684210526315,68.42105263157895,"{""channel"": {""email"": 0.5, ""chat"": 0.3, ""phone"": 0.2}, ""issue_type"": {""login"": 0.45, ""billing"": 0.3, ""bug"": 0.25}}",313.7894736842105
2025-11-29 11:30:00-06:00,14,239.0,71.35714285714286,85.71428571428571,"{""channel"": {""email"": 0.5, ""chat"": 0.3, ""phone"": 0.2}, ""issue_type"": {""login"": 0.45, ""billing"": 0.3, ""bug"": 0.25}}",310.3571428571429
2025-11-29 12:00:00-06:00,11,244.36363636363637,50.27272727272727,90.9090909090909,"{""channel"": {""email"": 0.5, ""chat"": 0.3, ""phone"": 0.2}, ""issue_type"": {""login"": 0.45, ""billing"": 0.3, ""bug"": 0.25}}",294.6363636363636
2025-11-29 12:30:00-06:00,7,241.14285714285714,56.57142857142857,85.71428571428571,"{""channel"": {""email"": 0.5, ""chat"": 0.3, ""phone"": 0.2}, ""issue_type"": {""login"": 0.45, ""billing"": 0.3, ""bug"": 0.25}}",297.7142857142857
2025-11-29 13:00:00-06:00,9,245.22222222222223,56.666666666666664,66.66666666666666,"{""channel"": {""email"": 0.5, ""chat"": 0.3, ""phone"": 0.2}, ""issue_type"": {""login"": 0.45, ""billing"": 0.3, ""bug"": 0.25}}",301.8888888888889
2025-11-29 13:30:00-06:00,16,248.5625,56.6875,68.75,"{""channel"": {""email"": 0.5, ""chat"": 0.3, ""phone"": 0.2}, ""issue_type"": {""login"": 0.45, ""billing"": 0.3, ""bug"": 0.25}}",305.25
2025-11-29 14:00:00-06:00,18,223.72222222222223,60.333333333333336,88.88888888888889,"{""channel"": {""email"": 0.5, ""chat"": 0.3, ""phone"": 0.2}, ""issue_type"": {""login"": 0.45, ""billing"": 0.3, ""bug"": 0.25}}",284.05555555555554
2025-11-29 14:30:00-06:00,13,220.84615384615384,68.53846153846153,69.23076923076923,"{""channel"": {""email"": 0.5, ""chat"": 0.3, ""phone"": 0.2}, ""issue_type"": {""login"": 0.45, ""billing"": 0.3, ""bug"": 0.25}}",289.38461538461536
2025-11-29 15:00:00-06:00,7,259.57142857142856,60.857142857142854,71.42857142857143,"{""channel"": {""email"": 0.5, ""chat"": 0.3, ""phone"": 0.2}, ""issue_type"": {""login"": 0.45, ""billing"": 0.3, ""bug"": 0.25}}",320.4285714285714
2025-11-29 15:30:00-06:00,13,242.30769230769232,70.0,76.92307692307693,"{""channel"": {""email"": 0.5, ""chat"": 0.3, ""phone"": 0.2}, ""issue_type"": {""login"": 0.45, ""billing"": 0.3, ""bug"": 0.25}}",312.3076923076923
2025-11-29 16:00:00-06:00,11,255.27272727272728,53.36363636363637,100.0,"{""channel"": {""email"": 0.5, ""chat"": 0.3, ""phone"": 0.2}, ""issue_type"": {""login"": 0.45, ""billing"": 0.3, ""bug"": 0.25}}",308.6363636363636
2025-11-29 16:30:00-06:00,12,231.25,52.166666666666664,66.66666666666666,"{""channel"": {""email"": 0.5, ""chat"": 0.3, ""phone"": 0.2}, ""issue_type"": {""login"": 0.45, ""billing"": 0.3, ""bug"": 0.25}}",283.4166666666667
2025-11-30 09:00:00-06:00,8,215.625,64.875,75.0,"{""channel"": {""email"": 0.5, ""chat"": 0.3, ""phone"": 0.2}, ""issue_type"": {""login"": 0.45, ""billing"": 0.3, ""bug"": 0.25}}",280.5
2025-11-30 09:30:00-06:00,12,257.6666666666667,58.916666666666664,66.66666666666666,"{""channel"": {""email"": 0.5, ""chat"": 0.3, ""phone"": 0.2}, ""issue_type"": {""login"": 0.45, ""billing"": 0.3, ""bug"": 0.25}}",316.58333333333337
2025-11-30 10:00:00-06:00,6,257.5,44.666666666666664,100.0,"{""channel"": {""email"": 0.5, ""chat"": 0.3, ""phone"": 0.2}, ""issue_type"": {""login"": 0.45, ""billing"": 0.3, ""bug"": 0.25}}",302.1666666666667
2025-11-30 10:30:00-06:00,14,253.07142857142858,63.285714285714285,42.857142857142854,"{""channel"": {""email"": 0.5, ""chat"": 0.3, ""phone"": 0.2}, ""issue_type"": {""login"": 0.45, ""billing"": 0.3, ""bug"": 0.25}}",316.3571428571429
2025-11-30 11:00:00-06:00,16,250.5,61.8125,62.5,"{""channel"": {""email"": 0.5, ""chat"": 0.3, ""phone"": 0.2}, ""issue_type"": {""login"": 0.45, ""billing"": 0.3, ""bug"": 0.25}}",312.3125
2025-11-30 11:30:00-06:00,9,213.11111111111111,74.11111111111111,77.77777777777779,"{""channel"": {""email"": 0.5, ""chat"": 0.3, ""phone"": 0.2}, ""issue_type"": {""login"": 0.45, ""billing"": 0.3, ""bug"": 0.25}}",287.22222222222223
2025-11-30 12:00:00-06:00,8,224.5,56.5,100.0,"{""channel"": {""email"": 0.5, ""chat"": 0.3, ""phone"": 0.2}, ""issue_type"": {""login"": 0.45, ""billing"": 0.3, ""bug"": 0.25}}",281.0
2025-11-30 12:30:00-06:00,15,246.13333333333333,59.8,60.0,"{""channel"": {""email"": 0.5, ""chat"": 0.3, ""phone"": 0.2}, ""issue_type"": {""login"": 0.45, ""billing"": 0.3, ""bug"": 0.25}}",305.93333333333334
2025-11-30 13:00:00-06:00,4,219.75,46.75,75.0,"{""channel"": {""email"": 0.5, ""chat"": 0.3, ""phone"": 0.2}, ""issue_type"": {""login"": 0.45, ""billing"": 0.3, ""bug"": 0.25}}",266.5
2025-11-30 13:30:00-06:00,8,254.75,65.25,62.5,"{""channel"": {""email"": 0.5, ""chat"": 0.3, ""phone"": 0.2}, ""issue_type"": {""login"": 0.45, ""billing"": 0.3, ""bug"": 0.25}}",320.0
2025-11-30 14:00:00-06:00,13,229.69230769230768,59.0,92.3076923076923,"{""channel"": {""email"": 0.5, ""chat"": 0.3, ""phone"": 0.2}, ""issue_type"": {""login"": 0.45, ""billing"": 0.3, ""bug"": 0.25}}",288.6923076923077
2025-11-30 14:30:00-06:00,13,245.15384615384616,61.61538461538461,61.53846153846154,"{""channel"": {""email"": 0.5, ""chat"": 0.3, ""phone"": 0.2}, ""issue_type"": {""login"": 0.45, ""billing"": 0.3, ""bug"": 0.25}}",306.7692307692308
2025-11-30 15:00:00-06:00,14,213.78571428571428,63.714285714285715,78.57142857142857,"{""channel"": {""email"": 0.5, ""chat"": 0.3, ""phone"": 0.2}, ""issue_type"": {""login"": 0.45, ""billing"": 0.3, ""bug"": 0.25}}",277.5
2025-11-30 15:30:00-06:00,6,205.83333333333334,60.666666666666664,66.66666666666666,"{""channel"": {""email"": 0.5, ""chat"": 0.3, ""phone"": 0.2}, ""issue_type"": {""login"": 0.45, ""billing"": 0.3, ""bug"": 0.25}}",266.5
2025-11-30 16:00:00-06:00,10,233.9,56.2,90.0,"{""channel"": {""email"": 0.5, ""chat"": 0.3, ""phone"": 0.2}, ""issue_type"": {""login"": 0.45, ""billing"": 0.3, ""bug"": 0.25}}",290.1
2025-11-30 16:30:00-06:00,4,211.5,59.75,100.0,"{""channel"": {""email"": 0.5, ""chat"": 0.3, ""phone"": 0.2}, ""issue_type"": {""login"": 0.45, ""billing"": 0.3, ""bug"": 0.25}}",271.25
